app,userName,rating,title,review,date,is_about_app,primary_theme,sentiment,specific_complaint,feature_request,severity,content_quality
lidl-plus,Axel Mann,1,,"Seit heute, musste ich mich neu anmelden und sollte meine Telefonnummer sowie Geburtstag und andere Daten bei LIDL Plus angeben. Da verzichte ich lieber auf die par Cent Rabatt, als das ich wieder so eine Datenkrake unterstütze und dann von irgendwelchen Betrügern telefonisch belästigt werde weil LIDL meine Daten weiter verkauft. Na ja, die wollen es so. Keine Daten keine LIDLPlusApp, viel weniger LIDL Einkäufe, tja Pech gehabt. Es gibt derzeit noch genug Alternativen hier bei mir.",2026-05-24T10:50:36,True,Privacy & data concerns,negative,Nutzer muss bei Neuanmeldung sensible Daten wie Telefonnummer und Geburtstag angeben und befürchtet Datenweitergabe.,Anmeldung ohne Angabe von Telefonnummer und Geburtstag ermöglichen.,medium,substantive
lidl-plus,Jan Koch,2,,"die App ist sehr unübersichtlich, Artikel aus dem Prospekt direkt auf die Einkaufsliste setzen geht nicht. 1 Minuspunkt, den direkten Artikel auswählen bei verschiedenen Sorten geht auch nicht 2 Minuspunkt, Artikel suchen über die Suchleiste funktioniert zwar, aber der Artikel wird nicht angezeigt.Es werden völlig andere Artikel angezeigt 3 Minuspunkt, da Artikel angezeigt werden die man nicht sucht. Artikel im Prospekt such geht auch nicht, man muß den ganzen Prospekt durchsuchen 4 Minuspunkt.",2026-05-24T10:22:36,True,Search & navigation,negative,"App ist unübersichtlich, Suche liefert falsche Ergebnisse und Prospektartikel können nicht direkt auf Einkaufsliste gesetzt werden.",Artikel aus dem Prospekt direkt auf die Einkaufsliste übernehmen und bessere Suchfunktion.,medium,substantive
lidl-plus,Patrick-Pascal Meyer,1,,Konnte meine Bestellung nicht auf Rechnung bezahlen.,2026-05-24T08:27:57,True,Payment & checkout,negative,Bestellung konnte nicht auf Rechnung bezahlt werden.,Zahlung auf Rechnung ermöglichen.,high,substantive
lidl-plus,Werner M.,1,,"Fehler im Login-Prozess der Lidl+ App! Die App öffnet die Anmeldemaske im Standard-Browser des Geräts. Ist dort die Option ""Desktopseite anfordern"" aktiv, schlägt der Auth-Callback zurück zur App fehl. Die App zeigt in diesem Fall die Meldung „Die Kapazität wurde überschritten – Bitte warte einen Moment und versuche es erneut"". Bitte Fehlermeldung anpassen!",2026-05-24T00:34:47,True,Authentication & login,negative,"Login schlägt fehl, wenn im Standardbrowser 'Desktopseite anfordern' aktiv ist; irreführende Fehlermeldung.",Login-Flow für Desktop-Modus reparieren und Fehlermeldung anpassen.,high,substantive
lidl-plus,Marina,3,,"Man fliegt ständig aus der App raus und muss sich neu anmelden. Wenn einem das dann auffällt, wenn man an der Kasse beim Bezahlen ist, ist es zu spät und man zahlt mehr, da die Lidl-Plus-Rabatte nicht berücksichtigt werden..",2026-05-23T20:49:27,True,Authentication & login,negative,"App loggt Nutzer ständig aus, wodurch an der Kasse Rabatte verloren gehen.","Sitzung dauerhaft halten, damit keine ständige Neuanmeldung nötig ist.",high,substantive
lidl-plus,Daniel Slyusarenko,1,,"Es zeigt mir immer „keine Internetverbindung”, obwohl eine vorhanden ist. Oder es erscheint die Meldung, dass etwas schiefgelaufen ist. Ich kann keine E-Kassenbons ansehen. Und schließlich loggt die App mich ständig aus. Ich habe auch versucht doe App neu zu instalieren allerdings ohne Erfolg. Bei anderen Supermärkten funktioniert es deutlich besser. 0/10",2026-05-23T20:01:56,True,Performance & stability,negative,"App meldet fälschlich keine Internetverbindung, zeigt keine Kassenbons und loggt ständig aus.",,high,substantive
lidl-plus,Geraldine Scholz,1,,"habe jetzt schon mehrfach ""gratis"" Artikel gekauft und entsprechend bezahlt heute wieder der Coupon ist meistens dann weg oder er steht auf aktiviert wird aber nicht eingelöst. Ansich wenn es nicht ausgegeben werden soll nicht schlimm. Nur schade wenn man dann sachen extra sucht oder ganze Kombinationen und die dann 100% zahlt. Das ist leider definitiv Scam, besser nicht versuchen. Nur normal einkaufen.",2026-05-23T17:15:54,True,Coupons & discounts,negative,"Aktivierte Gratis-Coupons werden an der Kasse nicht eingelöst, Kunde zahlt vollen Preis.",Zuverlässige Einlösung aktivierter Coupons sicherstellen.,high,substantive
lidl-plus,Nadja Suppes,1,,Früher war die App okay. Jetzt kann Ich mich gar nicht mehr einloggen!,2026-05-23T15:44:40,True,Authentication & login,negative,Login funktioniert nicht mehr.,,high,substantive
lidl-plus,Günther,1,,"Die Registrierung klappt überhaupt nicht..Es kann kein SMS -Codr an mich gesendet werden.Ich habe es schon an verschiedenen Tagen und Uhrzeiten probiert..Das ist nicht sehr Kundenorientiert und einfach nicht gut...Die App ist angeblich immer ""überlastet""oder nicht mehr ""Aufnahme-bereit.. mit freundlichen Grüßen G. aus Bremen. Die Kapazität wurde überschritten...Was für ne Aussage ist das denn...BITTE!!!🤔🤔🤔🤔...",2026-05-23T15:30:44,True,Onboarding & registration,negative,"Registrierung scheitert, da kein SMS-Code zugestellt wird und App meldet ständig Kapazitätsüberschreitung.",SMS-Code-Versand bei der Registrierung zuverlässig funktionieren lassen.,high,substantive
lidl-plus,Maria Stengel,1,,"Absolut schlechte App da sie zwingend voraussetzt dass Chrome der Standardbrowser ist. Mit Firefox keinerlei Nutzung/Login möglich somit absolut unbrauchbar. Und das schon seit Jahren wenn man im Netz sucht. ""Liebe"" Entwickler das ist Note 6 - bitte endlich fixen",2026-05-23T15:05:40,True,Authentication & login,negative,"Login ist nicht möglich, wenn Firefox statt Chrome als Standardbrowser eingestellt ist.",Login mit beliebigen Standardbrowsern wie Firefox ermöglichen.,high,substantive
lidl-plus,Sabrina,2,,"Seit dem letzten Update geht kaum etwas. Das Menü ""Profil"" mit den allgemeinen Daten, Einkäufen usw funktioniert nicht. Hier erscheint nur eine weiße Fläche. Dadurch kann ich einen gekauften Artikel nicht zurück geben, weil ich u.a. keinen Zugriff auf die Kassenzettel habe. Desweiteren werden die Partnervorteile nicht mehr angezeigt ""Etwas ist schiefgelaufen! Bitte prüfe deine Internetverbindung und versuche es erneut."" Hätte gerne den Shell-Vorteil genutzt, der beworben wurde...",2026-05-23T15:04:08,True,Performance & stability,negative,"Nach Update sind Profilbereich und Partnervorteile nicht abrufbar, Kassenzettel nicht einsehbar.",Profil und Partnervorteile nach Update wieder funktionsfähig machen.,high,substantive
lidl-plus,Renate Nordloh,5,,"Nettes Personal, sehr gutes Obst und Gemüse.",2026-05-23T14:59:39,False,In-store experience,positive,,,low,insufficient
lidl-plus,Borhan Damir,5,,ganz gut,2026-05-23T14:58:44,True,Other / unclear,positive,,,low,insufficient
lidl-plus,Mark Rabe,2,,"Leiser ist es im Moment nicht möglich, sich mit einem bestehenden Account anzumelden. Ea kommt immer die Meldung: Die Kapazität wurde überschritten. Auch nach Löschen der Daten und Neuinstallation.",2026-05-23T12:21:55,True,Authentication & login,negative,"Anmeldung schlägt mit Meldung 'Kapazität überschritten' fehl, auch nach Neuinstallation.",Kapazitätsfehler beim Login beheben.,high,substantive
lidl-plus,Andreas Leonhardt,3,,"update: auch Onlineshop Suchergebnisse Seite ist extrem träge geworden. was habt ihr da jeder an einem Update geändert? ... nutze schon lange die App, allerdings seit paar Tagen durch neue Einblendungen auf der Startseite ist diese extrem träge und CPU-lastig geworden. vermutlich irgend ein animierter Banner.",2026-05-23T12:05:33,True,Performance & stability,negative,"Startseite und Onlineshop-Suche sind nach Update extrem träge und CPU-lastig, vermutlich wegen animierter Banner.",Performance-Probleme durch Banner-Animationen auf Startseite beheben.,medium,substantive
lidl-plus,Michael Tanski,2,,Okay seit letzter Woche kann man zwar auch mit der Android 17 QPR 2 die Liddle-Apo wieder starten aber wenn man versucht sich mit seinen seit mehreren Jahren bestehenden Kundendaten in seinen Account einzuloggen bekommt man die Fehlermeldung das die Kapazitäten der App erschöpft seien ... sollte dringend gefixt werden 😴😴😴,2026-05-23T10:56:20,True,Authentication & login,negative,Login mit bestehendem Account scheitert mit Fehlermeldung 'Kapazitäten erschöpft'.,Kapazitätsfehler beim Login dringend beheben.,high,substantive
lidl-plus,Annika Becklem,3,,"Hallo, ich habe heute für über 100 Euro bei Ihnen eingekauft! Die Rabatte der App wurden abgezogen. Aber der Einkauf wurde mir beim Rabattsammler nicht gutgeschrieben! Ich wollte fragen, ob es zu Verzögerung bei größeren Summen kommen kann oder ob es ein Fehler in der App ist?",2026-05-23T10:54:15,True,Loyalty program mechanics,neutral,Einkauf über 100 Euro wurde im Rabattsammler nicht gutgeschrieben.,Korrekte und zeitnahe Gutschrift von Einkäufen im Rabattsammler sicherstellen.,medium,substantive
lidl-plus,Rouven Goldmann,1,,"Man steht im Laden, will die App nutzen und kann sich aufgrund von Kapazität nicht anmelden....***",2026-05-23T10:54:04,True,Authentication & login,negative,Anmeldung im Laden wegen Kapazitätsmeldung nicht möglich.,,high,substantive
lidl-plus,Matteo Lustigoso,1,,"Schon wieder Login-Probleme: ""Login fehlgeschlagen -The refresh token is invalid"" Wie schon zuvor, kann ich die App neuinstllieren, so viel ich will, hilft alles nichts. Lidl Connect ist für mich nur noch frustrierend. Inzwischen bereue ich, mich für den Jahrestarif entschieden zu haben. Das war nicht immer so. Spätestens nach Ablauf der Zeit, vermutlich aber schon eher, wechsel ich den Anbieter. Sorry, bin keine Lust mehr drauf.",2026-05-23T10:05:38,True,Authentication & login,negative,"Wiederkehrender Login-Fehler 'The refresh token is invalid', auch Neuinstallation hilft nicht.",Refresh-Token-Problem beim Login dauerhaft beheben.,high,substantive
lidl-plus,Μαρκ Μαγеρ,1,,"man geht gezielt einkaufen und nicht wegen irgendwelchen ""sch.. kinder-rubbeln-kramm"" angeboten die uns persönlich nicht im geringsten interessieren, viel wichtiger wäre es, rabattierung auf's gesamten einkauf, was in letzter zeit nicht mehr gegeben ist und der mehrwert von dem ganzen app gleich ""0"" ist, auser digitalem kassenbon, so zusagen: danke für nichts.!",2026-05-23T06:40:10,True,Coupons & discounts,negative,"App bietet nur uninteressante Aktionen statt echter Rabatte auf den Gesamteinkauf, geringer Mehrwert.",Rabatte auf den gesamten Einkauf statt nur einzelne Aktionsangebote anbieten.,medium,substantive
lidl-plus,Danny Walch,2,,"Funktioniert jetzt halbwegs wieder mit Android 17, aber Pay leider noch nicht.",2026-05-23T01:50:01,True,Payment & checkout,negative,Lidl Pay funktioniert unter Android 17 weiterhin nicht.,Lidl Pay mit Android 17 kompatibel machen.,high,substantive
lidl-plus,a,1,,"Mein Datenpaket ist abgelaufen aber ich kann mich nicht einloggen mit der Fehlermeldung ""Refresh token invalid"". Habe also kein mobiles Internet. Absolutes No Go!",2026-05-23T01:42:54,True,Authentication & login,negative,"Login schlägt fehl mit Fehlermeldung 'Refresh token invalid', insbesondere ohne mobiles Internet.",Offline-Login oder zwischengespeicherte Anmeldung ermöglichen.,high,substantive
lidl-plus,Jűrgen Freund,4,,"Wenn es nicht ständig neue Geschäftsbedingungen gäbe, welche man bestätigen muss, gebe es 5 Punkte.",2026-05-22T21:53:50,True,"Other app features (themes, accessibility, customization)",negative,Ständig neue AGB müssen bestätigt werden.,AGB-Bestätigungen seltener anfordern.,low,substantive
lidl-plus,Gon Ton,4,,Dark Mode wäre nicht schlecht,2026-05-22T21:26:44,True,"Other app features (themes, accessibility, customization)",neutral,,Dark Mode einführen.,low,substantive
lidl-plus,Steffen Schneider,2,,"Läuft wieder bis auf Lidl Pay..... Auch nach über zwei Monaten geht immer noch nichts!!! Dafür freuen sich Aldi, Edeka und Co. über meinen Besuch. Nach über einem Monat funktioniert die App nicht unter Android 17 Beta. Die Ausreden, dass nur stabile Versionen unterstützt werden, ist schon peinlich für so ein großes Unternehmen. Merkwürdige Antwort von Lidl: ""bestimmte Systemfunktionen noch nicht stabil"" - Die App funktioniert gar nicht mehr, bzw. lässt sich auch nicht neu installieren!",2026-05-22T21:13:17,True,Performance & stability,negative,App und Lidl Pay funktionieren seit Monaten nicht unter Android 17 Beta.,Unterstützung für Android 17 sicherstellen.,high,substantive
lidl-plus,Lvkan,1,,Eingendlich nur ein PDF Reader für einen Lidl Prospekt. Wer will durch 75 Seiten blättern?,2026-05-22T19:48:17,True,Search & navigation,negative,"Prospekt ist nur ein PDF mit 75 Seiten, durch das man blättern muss.","Interaktiver, durchsuchbarer Prospekt statt PDF.",medium,substantive
lidl-plus,Har Ha,2,,"Gratis Artikel in 6 {sechs}Filialen nicht bekommen.Aktionware war zwar vorhanden bis auf eine Filiale waren alle Verpackungen bereits schon einmal {da gab es aber nicht den dazugehörigen Akku}geöffnet und genau auffällig gleich neu verklebt (2te Wahl). Daher konnte ich nichts gebrauchen,da es ein Geschenk werden sollte.",2026-05-22T18:39:58,False,In-store experience,negative,Gratis-Artikel waren in mehreren Filialen nicht verfügbar oder bereits geöffnet.,,low,substantive
lidl-plus,Alfred Lehmann,1,,"Was soll der Blödsinn, dass ständig app-änderungen mit älteren Geräten nicht mehr erreichbar sind. Soll ich mir jedes Mal ein neues Gerät kaufen. Danke für den Umweltschutz. Mit unfreundlichen Grüssen",2026-05-22T15:59:07,True,Performance & stability,negative,App-Updates unterstützen ältere Geräte nicht mehr.,Kompatibilität mit älteren Geräten beibehalten.,high,substantive
lidl-plus,base64,3,,"Ich stehe so an der Lidl Kasse und denke mir nichts böses dabei, kein Bargeld mitzuführen. Denn: Ich habe ja die LIDL PLUS APP. Doch dann: Beim Einloggen bekomme ich welche Fehlermeldung: falsches Kennwort oder falscher Benutzername? Nein: die Fehlermeldung lautet ""Kapazität überschritten"" Na da schau mal einer an, wer hätte das gedacht. ... Falls das nochmal passiert,verzichte ich zukünftig auf Rabatte, und schaue mich mal bei den Konkurrenten um ... ALDI, bitte lass mich nicht auch im Stich",2026-05-22T15:35:59,True,Authentication & login,negative,Login an der Kasse schlug mit Fehlermeldung 'Kapazität überschritten' fehl.,"Serverkapazitäten erhöhen, damit Login an der Kasse zuverlässig funktioniert.",high,substantive
lidl-plus,Rene Raith,1,,ich kann mich nicht registrieren wenn ich Firefox benutze. nur mit crome hat es funktioniert.,2026-05-22T14:59:16,True,Onboarding & registration,negative,"Registrierung funktioniert nicht in Firefox, nur in Chrome.",Registrierung browserübergreifend ermöglichen.,medium,substantive
lidl-plus,Mathias,3,,"Verbesserungsvorschlag: eine Einkaufsliste, die mit den hinterlegten Prospekten gekoppelt ist. Sprich, man kann in den Prospekten auf einzelne Artikel klicken und diese somit einer Einkaufsliste hinzufügen. Das würde das ganze Erlebnis in der App sehr verbessern und man würde sie öfter verwenden und nicht nur an der Kasse abscannen (wenn man das denn nicht auch vergisst)",2026-05-22T11:11:27,True,Shopping list features,neutral,Prospekte und Einkaufsliste sind nicht miteinander verknüpft.,Artikel aus Prospekten direkt zur Einkaufsliste hinzufügen können.,medium,substantive
lidl-plus,Marina B,1,,schon zum x mal spinnt das Programm....,2026-05-22T08:56:44,True,Performance & stability,negative,App funktioniert wiederholt nicht zuverlässig.,,high,insufficient
lidl-plus,Ein Google-Nutzer,4,,könnte besser sein,2026-05-22T01:18:04,True,Other / unclear,neutral,,,low,insufficient
lidl-plus,Thomas Ciliax,2,,"lidl pay Registrierung katastrophal, Hotline genau so",2026-05-22T00:18:57,True,Onboarding & registration,negative,Lidl Pay Registrierung und Hotline sind katastrophal.,Registrierungsprozess für Lidl Pay vereinfachen.,high,insufficient
lidl-plus,Sebastian Hans,1,,"Die Aktivierung war ein Graus. Nach gefühlt 30 Versuchen (auch mit Deinstallieren etc.) habe ich endlich eine Zugangsnummer per SMS bekommen. Ich weiß gar nicht, warum ich so viel Zeit investiert habe. Schön doof.",2026-05-21T23:45:51,True,Onboarding & registration,negative,"Aktivierung erforderte zahlreiche Versuche, bis SMS mit Zugangsnummer ankam.",Aktivierungsprozess zuverlässiger gestalten.,high,substantive
lidl-plus,Hasan Hasan,1,,Devamli acont istiyor giriyorum olmuyor,2026-05-21T23:32:44,True,Authentication & login,negative,"Login funktioniert nicht, App fragt ständig nach Konto.",,high,insufficient
lidl-plus,Be* happy,1,,"App kann man zwar runterladen, aber trotz unzähliger Versuche kann man seine Daten nicht eingeben. Ein angeforderter Zugang wird nie per SMS geschickt. vollkommener Schrott, Danke für nichts. Früher war die App einwandfrei !",2026-05-21T21:46:51,True,Onboarding & registration,negative,SMS mit Zugangsdaten kommt trotz unzähliger Versuche nie an.,Zuverlässigen SMS-Versand für Zugangsdaten sicherstellen.,high,substantive
lidl-plus,Marco Völker,2,,"Leider sehr unausgereift Zum einen muss man beim Registrierungsprozess 3x seine Adresse angeben und bevor man den ersten Ladevorgang starten kann ein weiteres mal. Eigentlich könnte man sich denken, dass eine einmalige Abgabe der Adresse ausreichte sollte... Sehr unzuverlässiger Verbindungsaufbau mit der Ladesäule, von dutzenden Versuchen hat es ein einziges Mal geklappt, ansonsten hat die App gekringelt und gekringelt und gekringelt und nichts ist passiert PS: Ich verwende natürlich keine beta",2026-05-21T21:11:52,True,Onboarding & registration,negative,Adresse muss mehrfach eingegeben werden und Verbindung zur Ladesäule schlägt fast immer fehl.,Einmalige Adresseingabe und zuverlässigerer Verbindungsaufbau mit Ladesäulen.,high,substantive
lidl-plus,B R (Bernd),1,,"Und schon wieder hereingefallen! Bei den Coupons gibt es Menüs, wählt man aus jeder Rubrik einen Artikel, tippt auf aktivieren, sollte man 30 % Rabatt erhalten. Aber der Coupon wird nicht aktiviert! Klickt man erneut den Coupon an, sieht man die 3 gewählten Artikel und der Coupon wird wieder nicht aktiviert! Testet denn niemand bevor etwas Live geht? Aber das Größte ist die Antwort von Lidl, als wäre man zu blöd zum aktivieren und das Problem haben sie immer noch nicht verstanden!",2026-05-21T20:58:55,True,Coupons & discounts,negative,Menü-Coupons mit 30% Rabatt lassen sich nicht aktivieren.,Coupon-Aktivierung für Menüs korrekt funktionieren lassen.,high,substantive
lidl-plus,Cezmi,5,,gut,2026-05-21T19:28:56,True,Other / unclear,positive,,,low,insufficient
lidl-plus,D A,1,,"Diese Coupon-Aktionen, bei denen man erst alles einzeln auswählen und in der App aktivieren muss, sind einfach nur unnötig umständlich und zeitraubend. Statt den Einkauf einfacher zu machen, kostet es jedes Mal extra Zeit und Nerven. Es reicht schon, dass man durch das Pfandsystem ständig zusätzlichen Aufwand hat – jetzt muss man auch noch in der App alles mühsam anklicken, nur um Angebote nutzen zu können. Kundenfreundlich ist das leider nicht. Bitte macht solche Aktionen einfacher und direkt",2026-05-21T18:57:23,True,Coupons & discounts,negative,"Coupons müssen einzeln in der App aktiviert werden, was umständlich und zeitraubend ist.",Coupons automatisch und ohne manuelle Aktivierung anwenden.,medium,substantive
lidl-plus,Armin Spengler,1,,Hab neugierdehalber die app wieder installiert u mich registriert vor ein paar Tagen. Und jetzt krieg ich Anrufe unbekannter Nummern......zeigt ganz deutlich was lidl mit den Daten seiner Kunden macht 😡 EDIT Antwort ist Standard blabla,2026-05-21T17:31:42,True,Privacy & data concerns,negative,Nach Registrierung erhält der Nutzer Anrufe unbekannter Nummern und vermutet Datenweitergabe.,,high,substantive
lidl-plus,Marcel Thoms,2,,eine Änderung der Teilnahmebedingungen na dann OK. Die neuen Teilnahmebedingungen Download funktioniert nicht! Schalter geht ins Nirvana also Katze im Sack oder was? Programmierfehler!,2026-05-21T14:37:05,True,Performance & stability,negative,"Download der neuen Teilnahmebedingungen funktioniert nicht, Schalter reagiert nicht.",,medium,substantive
lidl-plus,Anny Ruch,2,,Macht es mit einer Kundenkarte. Wie Migros und Coop. Dann wäre ich auch dabei.,2026-05-21T14:13:39,False,Loyalty program mechanics,negative,Nutzer wünscht physische Kundenkarte statt App.,Physische Kundenkarte wie bei Migros oder Coop anbieten.,low,insufficient
lidl-plus,David Mödinger,1,,"Alter Schwede sind die Prozesse in dieser App unnötig umständlich um irgendwas zu erreichen. Mal kurz registrieren um die eauto Infrastruktur zu nutzen? Lol viel Glück, bis man damit durch ist, ist man an anderen Säulen voll geladen. Dann kann man dabei grundlos nicht mit Kredit oder debit Karte zahlen, die iban Verifikation ist langsam (und das iban Eingabefeld ist dumm weil meine mobile Tastatur De getippt hat statt DE...) ich musste so oft meine Adresse angeben etc ...",2026-05-21T11:01:27,True,Onboarding & registration,negative,"Registrierung für E-Auto-Ladesäulen ist langsam, IBAN-Verifikation träge, keine Kreditkartenzahlung möglich.",Schnellere Registrierung und Kredit-/Debitkartenzahlung an Ladesäulen ermöglichen.,high,substantive
lidl-plus,Petra C0hrsen,5,,sehr netteMitarbeiter Gute Angebot e Für behinderten gut 👍 👍 👍 👍 👍 😘😘,2026-05-21T08:56:01,False,In-store experience,positive,,,low,insufficient
lidl-plus,Christel Schulz,1,,Nur ein Stern Der Tank Rabatt funktioniert nicht 😔,2026-05-21T08:27:16,True,Coupons & discounts,negative,Der Tankrabatt funktioniert nicht.,,high,substantive
lidl-plus,K.,5,,Übersichtlich und gut,2026-05-21T02:22:31,True,Other / unclear,positive,,,low,insufficient
lidl-plus,Franz MC Brez,1,,Leider funktioniert das Senden der SMS zur Bestätigung der Telefonnummer nicht. Auch nach Neu Installation kommt keine SMS,2026-05-20T23:04:31,True,Authentication & login,negative,Bestätigungs-SMS zur Telefonnummer wird auch nach Neuinstallation nicht zugestellt.,,high,substantive
lidl-plus,Simone Thiele,1,,"Ich nutzte die App gern und regelmäßig. Nun aber führt ein Update, über das ich mich freuen soll, zum Totalausfall, da das Gerät angeblich zu alt ist. Ich gehe gleich los und hole mir ein neues. Sicher! ☹",2026-05-20T20:01:38,True,Performance & stability,negative,Nach Update funktioniert die App auf älteren Geräten nicht mehr.,Kompatibilität mit älteren Geräten beibehalten.,high,substantive
lidl-plus,Madeleine Brönnimann,4,,"wie schon einige Male mitgeteilt, ist es einfach sehr schade, dass vieles aufgerissen und nicht gekauft wird. 😡",2026-05-20T19:19:38,False,In-store experience,negative,"Produkte werden im Laden aufgerissen, aber nicht gekauft.",,low,substantive
lidl-plus,Trouble Diana,1,,"Eigentlich war ich voll und ganz zufrieden mit der App. Seit letzter Woche kann ich den Button für die Zahlungsmethode nicht mehr aktivieren. Es kommt eine Fehlermeldung ""Es ist was schiefgelaufen! Bitte prüfe deine Internetverbindung und versuche es erneut"" Ich habe alles probiert, aber es funktioniert nicht. WLAN nicht und auch die mobilen Daten nicht. Ich habe keine Probleme bei einer anderen App. Was tun?",2026-05-20T18:07:03,True,Payment & checkout,negative,"Zahlungsmethode lässt sich nicht aktivieren, Fehlermeldung trotz funktionierender Internetverbindung.",,high,substantive
lidl-plus,Marianne Vespermann,1,,Es funktioniert leider gar nichts,2026-05-20T17:21:26,True,Performance & stability,negative,Nichts in der App funktioniert.,,high,insufficient
lidl-plus,Millenium M.G,3,,"ich kann mich nicht mehr einloggen es kommt immer der Browser mit der neu Registrierung. Dann Konto existiert, dann Email mit Bestätigungscode. Dann werde ich aufgefordert neues passwort....dann geht's wieder von vorne los....",2026-05-20T14:05:31,True,Authentication & login,negative,"Login-Schleife: Konto existiert, Passwort-Reset führt immer wieder zur Registrierung zurück.",,high,substantive
lidl-plus,Juergen Buuck,2,,unübersichtlich und überladen,2026-05-20T13:30:46,True,Search & navigation,negative,App ist unübersichtlich und überladen.,Übersichtlichere und aufgeräumtere Oberfläche.,medium,insufficient
lidl-plus,Hartmut Harfe,1,,Leider ist die App Kunden unfreundlich programmiert. Wenn man zB. bei LidlPlus seine Adresse ändert bleibt eine vorhandene Adresse erhalten wenn man dort die Lieferadresse nicht ändert! Keine Info das die Adressen nicht identisch sind. Wenn man dann online bestellt fehlt jeglicher Hinweis das die Adressen nicht übereinstimmen. Die Rechnungsadresse muss man ebenfalls manuell ändern Kundenfreundlich wäre jeweils ein entsprechender Hinweis noch besser wäre mit einem Tippen diese zu übernehmen.,2026-05-20T13:13:48,True,Payment & checkout,negative,"Adressänderung übernimmt nicht automatisch Liefer- und Rechnungsadresse, kein Hinweis bei Abweichung.",Hinweis bei abweichenden Adressen und Option zur Übernahme per Tippen.,medium,substantive
lidl-plus,Dieter Nasdalla,3,,OK,2026-05-20T10:20:32,True,Other / unclear,neutral,,,low,insufficient
lidl-plus,Markus Hahnenkamm,1,,Ich verstehe nicht warum es so schwer ist dass diese App ohne Internetverbindung trotzdem den blöden QR Code anzeigen kann. In Wassertrüdingen und Eichstätt habe ich trotz Telekom und 3 Balken keinen Access. Und nicht immer hat man an der Kasse die Zeit nen Screenshot rauszukramen.,2026-05-20T08:39:34,True,Performance & stability,negative,"QR-Code wird ohne Internetverbindung nicht angezeigt, an der Kasse problematisch.",QR-Code auch offline anzeigen können.,high,substantive
lidl-plus,Stefan Grossmann,4,,Nach Monaten kann man sich bei der App wieder unter einem Google Pixel mit QPR anmelden. Es funktioniert zwar nicht mit fremden Browsern sondern nur wenn man kurz den Chrome als Standard einstellt aber zumindest steht man nicht mehr doof im Laden.,2026-05-20T07:17:12,True,Authentication & login,neutral,"Anmeldung funktioniert nur, wenn Chrome als Standardbrowser gesetzt ist.",Anmeldung mit beliebigen Browsern ermöglichen.,medium,substantive
lidl-plus,Mark S,1,,"Aktivierter Coupon ist Mal wieder nicht erfasst. Beschiss App. 17% auf Schafsmilch gewonnen. Mal ehrlich, ich fühle mich verar... Für son Kram soll ich meine Daten samt Einkaufverhalten preisgeben? Und die Tube Zahnpasta ab 70€ kann ich mir auch so kaufen Ich denke die App zu löschen ist die gute Alternative Und die 15% auf Porree bekomm ich nur mit der App? Dann geh ich doch zu Aldi, da bekomm ich alle Angebote ohne App. Mittlerweile könnte man meinen diese App gehört zu einem Shoppingsender",2026-05-19T23:39:04,True,Coupons & discounts,negative,"Aktivierte Coupons werden an der Kasse nicht erfasst, Angebote nur mit App.",Zuverlässige Erfassung aktivierter Coupons sicherstellen.,high,substantive
lidl-plus,Hans Hansen,1,,"Egal über welchen Weg man versucht sein Passwort zurückzusetzen, ständig kommt die Meldung ""Kapazität überschritten"". Die App ist leider nicht zu gebrauchen und wurde deshalb umgehend deinstalliert. Schade, kaufe ich eben woanders.",2026-05-19T23:02:15,True,Authentication & login,negative,"Passwort-Reset funktioniert nicht, ständige Fehlermeldung 'Kapazität überschritten'.",,high,substantive
lidl-plus,Ha Ba,1,,04/2026 - 05/2026 (!) Keine detaillierten Updateinfos für Nutzer. 👎,2026-05-19T21:13:41,True,"Other app features (themes, accessibility, customization)",negative,Keine detaillierten Updateinformationen für Nutzer.,Ausführliche Update-Changelogs bereitstellen.,low,substantive
lidl-plus,LI Allgäuer,4,,"Gute APP mit Platz nach oben. Bringt doch bitten den Pfad QR Scanner ganz nach oben auf die Startseite. Ein kleiner Button würde schon reichen. Sonst fehlt der APP nichts. Das Design ist etwas angestaubt, aber noch funktional.👍 Und wenn ich mir noch was wünschen könnte, dann wäre das ein Kassenbon per E-Mail (zusätzlich zu dem in der APP). 🤠",2026-05-19T21:10:53,True,Search & navigation,positive,,QR-Scanner-Button prominent auf der Startseite platzieren und Kassenbon zusätzlich per E-Mail versenden.,low,substantive
lidl-plus,Eva Ofner,1,,"Eine Registrierung ist nicht möglich, es kommt kein Registrierungscode. Die Hilfe bringt nur die Fehlermeldung, dass es sich um eine hochriskante Seite handelt. Beim digitalen Assistent im Browser funktioniert der 'Senden Button' nicht.",2026-05-19T20:48:12,True,Onboarding & registration,negative,"Registrierung scheitert, kein Code wird gesendet und Hilfe-Funktionen sind defekt.",,high,substantive
lidl-plus,W. H.,2,,"Wenn ich mich im Ausland (Urlaub) aufhalte, kann ich nicht auf die Angebot meines Heimatortes zugreifen. Sehr schade.",2026-05-19T20:23:59,True,Coupons & discounts,negative,Angebote des Heimatortes sind im Ausland nicht abrufbar.,Zugriff auf Heimatort-Angebote auch im Ausland ermöglichen.,medium,substantive
lidl-plus,Franz Strobl,5,,"Wenn ich einkaufen muss, dann bei Lidl",2026-05-19T17:40:09,False,In-store experience,positive,,,low,insufficient
lidl-plus,Marcel Soika,4,,funktioniert wieder.. Internetverbindung klappt,2026-05-19T16:14:40,True,Performance & stability,positive,,,low,insufficient
lidl-plus,Thomas R,1,,"Die für mich wichtigste Funktion fehlt: ich möchte alle Angebote, nicht nur die Lidl Plus Angebote, in der App sehen und dann in eine Einkaufsliste übernehmen. Das können die Apps anderer Anbieter seit Jahren. Solange das nicht geht, kaufe ich nicht bei Lidl.",2026-05-19T12:23:22,True,Coupons & discounts,negative,"App zeigt nur Lidl-Plus-Angebote, keine vollständige Angebotsübersicht mit Einkaufslisten-Funktion.",Alle Angebote anzeigen und in eine Einkaufsliste übernehmen können.,medium,substantive
lidl-plus,Gregor Rogalla,5,,Hallo Lidl App Entwickler Die App seit der letzten Update läuft wieder. Android 17 Pixel 8 Pro Mit freundlichen Grüßen Gregor,2026-05-19T11:24:46,True,Performance & stability,positive,,,low,substantive
lidl-plus,Helmut D,5,,Funktioniert endlich wieder auch mit Android 17!,2026-05-19T11:03:08,True,Performance & stability,positive,,,low,substantive
lidl-plus,Lothar Pruski,3,,Gute Angebote und Qualität,2026-05-19T10:54:46,False,In-store experience,positive,,,low,insufficient
lidl-plus,Margrit Grafke,1,,Leider ist die Ap mit meinem Handy nicht kompatibel,2026-05-19T10:44:59,True,Performance & stability,negative,App ist nicht mit dem Gerät des Nutzers kompatibel.,Breitere Gerätekompatibilität sicherstellen.,high,insufficient
lidl-plus,Ramon Hein,5,,Ist gut,2026-05-18T22:42:07,True,Other / unclear,positive,,,low,insufficient
lidl-plus,Ines Keller,1,,"leider kein Zugang möglich,das eine Handy ist zu "" alt"" hier funktioniert die App nicht mehr und auf dem anderen Telefon bekomme ich keinen Zugang",2026-05-18T22:25:34,True,Authentication & login,negative,"Kein Zugang möglich – auf einem Gerät zu alt, auf anderem klappt der Login nicht.",Login auch auf älteren Geräten ermöglichen.,high,substantive
lidl-plus,Johannes Ws,5,,Seit Android 17 zeigt App keine Internetverbindung an und ist nicht mehr nutzbar. Update: seit letzten Update funktioniert die App wieder,2026-05-18T21:58:27,True,Performance & stability,positive,,,low,substantive
lidl-plus,Guido Schidda,5,,Nach heutigen Update funktioniert wieder alles wie es soll.,2026-05-18T21:20:21,True,Performance & stability,positive,,,low,insufficient
lidl-plus,Elisabeth Sebesta,5,,Lidl Mattersburgerstr. In Eisenstadt ist für mich sehr einladend. Super Geschäft,2026-05-18T20:41:38,False,In-store experience,positive,,,low,insufficient
lidl-plus,p winkel,5,,ist top,2026-05-18T19:32:54,True,Other / unclear,positive,,,low,insufficient
lidl-plus,Rudolf Grün,5,,top,2026-05-18T18:06:51,True,Other / unclear,positive,,,low,insufficient
lidl-plus,Mario Hanke,5,,Sehr sehr gut 👍,2026-05-18T16:30:21,True,Other / unclear,positive,,,low,insufficient
lidl-plus,Ludwig,1,,android 9 wird laut play store nicht mehr unterstützt.,2026-05-18T16:27:53,True,Performance & stability,negative,Android 9 wird laut Play Store nicht mehr unterstützt.,Unterstützung für Android 9 beibehalten.,high,substantive
lidl-plus,Volker Thiemann,1,,Trotz der vielen Beschwerden wurde die Suchfunktion für die digitalen Kassenbons nicht wieder zurück gebracht. Dafür dann auch von mir 1 Stern.,2026-05-18T16:17:29,True,Search & navigation,negative,Die Suchfunktion für digitale Kassenbons wurde entfernt und nicht zurückgebracht.,Suchfunktion für digitale Kassenbons wieder einführen.,medium,substantive
lidl-plus,Kujtim & Valentina Bajrami,5,,ser gute,2026-05-18T14:41:25,True,Other / unclear,positive,,,low,insufficient
lidl-plus,C Menga,1,,plötzlich mit meinem Gerät nicht mehr kompatibel? unglaublich!,2026-05-18T12:48:17,True,Performance & stability,negative,App ist plötzlich nicht mehr mit dem Gerät kompatibel.,Kompatibilität mit älteren Geräten erhalten.,high,insufficient
lidl-plus,d/dx,1,,"Wer trifft hier wie Entscheidungen?! Wieso z.B. bezeichnet ""Endet morgen"" etwas, was nur noch heute gilt? Überleg doch mal, ob endet ""HEUTE"" nicht eher zutrifft 💩 Es wird einfach nicht besser. Unglaublich entäuschend 😨👎",2026-05-18T10:55:46,True,Coupons & discounts,negative,Irreführende Beschriftung von Coupons: 'Endet morgen' obwohl nur heute gültig.,Korrekte Beschriftung von Couponlaufzeiten (z.B. 'Endet heute').,medium,substantive
lidl-plus,Sam G,2,,"Wäre gut, wenn man Online-Bestellungen per Code in der Filiale bezahlen kann.",2026-05-18T09:57:57,True,Payment & checkout,neutral,Online-Bestellungen können nicht per Code in der Filiale bezahlt werden.,Bezahlung von Online-Bestellungen per Code in der Filiale ermöglichen.,medium,substantive
lidl-plus,Esther T.P.,4,,"Aktuell bin ich mit der App sehr zufrieden, würde mir aber wünschen dass man beim ansehen des Prospektes, die Angebote direkt auf eine Einkaufsliste machen kann.",2026-05-17T23:55:25,True,Coupons & discounts,positive,,Angebote aus dem Prospekt direkt auf eine Einkaufsliste setzen können.,low,substantive
lidl-plus,Eva Prazenkova,5,,habe noch kein Liesl plus,2026-05-17T19:43:31,False,Other / unclear,neutral,,,low,insufficient
lidl-plus,Silke Staudt,2,,"Bei mir funktioniert die App super und ich kann auch einige der Rabattcoupons gut brauchen. Update: kaum ne gute Bewertung losgeschickt, schon hab auch ich Probleme. Heute ging gar nichts, kein Kassenbon in der App und die Coupons gingen auch nicht, sehr schade, zumal jetzt verstärkt Werbung für die App gemacht wird. Nächstes Update: für mich wird die App immer sinnloser, da es immer höhere mindesteinkaufswerte für die Coupons braucht. Den Umsatz Pack ich meistens nicht. Super fänd ich eine Mög",2026-05-17T19:24:26,True,Coupons & discounts,negative,Kassenbons und Coupons funktionierten nicht; Mindesteinkaufswerte für Coupons sind zu hoch.,Niedrigere Mindesteinkaufswerte für Coupons.,high,substantive
lidl-plus,Fritz Vogler,5,,diese App kann ich nicht installieren und bekomme keine Lidl Plus App mehr.Eine tolle Erneuerung .Ciao Ciao!!!.,2026-05-17T18:21:20,True,Performance & stability,negative,App lässt sich nicht installieren.,Installation der App wieder ermöglichen.,high,substantive
lidl-plus,Johann Hein,1,,Anzeige von Prospekten zu klein mann kann nichts sehen. Nur mit der Lupe lesbar. Nichts für Alte Menschen.,2026-05-17T13:42:25,True,Search & navigation,negative,Prospektanzeige ist zu klein und nur mit Lupe lesbar.,Schrift und Anzeige im Prospekt vergrößern bzw. zoombar machen.,medium,substantive
lidl-plus,D. O.,1,,"Die schlechteste Einkaufsapp, die ich kenne: - unübersichtlich, völlig irrelevante Informationen dominieren, Suche nach konkreten Kategorien nicht möglich - normale Angebote lassen sich nur im Prospekt anzeigen und nicht zur Einkaufsliste hinzufügen - diese damit völlig nutzlos und vielleicht deshalb so gut im Unteruntermenü versteckt - Verbindungsprobleme zum Server Der eine Stern dafür, dass man zumindest das Prospekt der folgenden Woche anschauen kann.",2026-05-17T13:17:14,True,Search & navigation,negative,"App unübersichtlich, keine Kategoriesuche, Angebote nicht zur Einkaufsliste hinzufügbar, Serverprobleme.","Übersichtlichere Navigation, Kategoriesuche und Einkaufsliste aus dem Prospekt.",high,substantive
lidl-plus,Bettina Thomas,5,,"Die Atmosphäre dort ist gut, die Verkäuferin und Kassierer sind immer freundlich. Das Angebot ist Super. Ich gehe gerne dort einkaufen.",2026-05-17T11:11:29,False,In-store experience,positive,,,low,insufficient
lidl-plus,Zoran Lucic,5,,Top,2026-05-17T10:39:41,True,Other / unclear,positive,,,low,insufficient
lidl-plus,Hannelore Wehmann,4,,Leider sind Werbeartikel oft nicht im Angebot .,2026-05-17T09:59:04,False,In-store experience,negative,Werbeartikel sind oft nicht im Angebot verfügbar.,,low,substantive
lidl-plus,Zaphod Beeblebrox,2,,"Neulich wollte ich mein Auto laden, was diese App voraussetzt. Die Funktion habe ich nicht gefunden und bin weiter gefahren - zu Aldi. Das funktioniert das AdHoc! Die SB-Kassen rufen wirklich JEDES Mal jemanden vom Personal. Das dauert einfach für alle länger. Ich nutze sie nicht mehr. Lidl hat da ein komisches digitales Konzept, das für mich überhaupt nicht anwenderfreundlich ist. Der Mensch ist ein Gewohnheitstier, und wenn ständig die Benutzerführung verfummelt wird, nervt das.",2026-05-17T07:18:22,True,Search & navigation,negative,E-Mobilitäts-/Ladefunktion ist schwer auffindbar und Ladevorgang ließ sich nicht starten.,E-Mobilitätsfunktion leichter zugänglich und AdHoc-Laden ermöglichen.,high,substantive
lidl-plus,Sandra Maier,3,,"Suchfunktion ausser Kontrolle. Wenn ich in die Suchleiste Lachs eingebe, dann gibt die App als Ergebnis Gartenmöbel. Das selbe passiert,wenn ich Weichspüler suche und die App mir Pfannensets auswirft. Wer hat denn das programmiert?",2026-05-16T23:00:21,True,Search & navigation,negative,Suchfunktion liefert völlig unpassende Ergebnisse (z.B. Gartenmöbel bei Suche nach Lachs).,"Suchalgorithmus reparieren, sodass relevante Produkte gefunden werden.",high,substantive
lidl-plus,Ho Ke,1,,"Ich hab geschlagene 5 Minuten nach dem Button ""E-Mobilität"" gesucht und weitere 10 Minuten erfolglos versucht den Ladevorgang zu starten",2026-05-16T20:36:57,True,Search & navigation,negative,E-Mobilitäts-Button schwer zu finden und Ladevorgang nicht startbar.,E-Mobilitätsfunktion besser sichtbar und funktionsfähig machen.,high,substantive
lidl-plus,Martin W.,3,,"Freeway Cola gratis Coupon nicht verrechnet. Gekauft hätte ich mir die sonst sicher nicht. Das geht nicht, dass Coupons immer mal wieder nicht abgezogen werden! Ich habe extra nachgesehen. Nicht nur die schwarze zuckerfreie ist gelistet, auch die normale rote freeway.",2026-05-16T20:20:49,True,Coupons & discounts,negative,Gratis-Coupon (Freeway Cola) wurde nicht vom Einkauf abgezogen.,Zuverlässige Verrechnung aller eingelösten Coupons.,high,substantive
lidl-plus,Mic Berndt,4,,Rri,2026-05-16T20:04:42,True,Other / unclear,neutral,,,low,insufficient
lidl-plus,Dominic K,1,,"Bereich ""Mein Konto"" funktioniert nicht mehr",2026-05-16T18:44:05,True,Performance & stability,negative,Der Bereich 'Mein Konto' funktioniert nicht mehr.,,high,substantive
lidl-plus,Alex 83,1,,"Betrug am Kunden nenne ich das... Man aktiviert die gratis Produkte und wenn man an der Kasse nicht aufpasst, kann es passieren, dass man die trotzdem berechnet bekommt!",2026-05-16T17:46:02,True,Coupons & discounts,negative,Aktivierte Gratis-Produkte werden an der Kasse trotzdem berechnet.,"Sicherstellen, dass aktivierte Gratis-Coupons an der Kasse zuverlässig abgezogen werden.",high,substantive
lidl-plus,Armin R. Ja,1,,"Für Elektroauto Lader eine unfassbar langsame App, nach drei Minuten rumdödeln passiert nichts. Dreimal Wiederholen und immer Abbruch. Jetzt bei Vattenfall mit Ladekarte beginnt das laden nach 15 Sekunden. Die Lade- App Entwickler nutzen ganz sicher nicht ihre selbst programmierte App.",2026-05-16T16:50:03,False,Performance & stability,negative,"Ladevorgang für Elektroautos startet nicht, App bricht nach Minuten ab.",Ladefunktion zuverlässiger und schneller machen.,high,substantive
lidl-plus,Marius Bast,1,,Lidel finde ich richtig gut Silke Bast,2026-05-16T15:52:13,False,Other / unclear,positive,,,low,insufficient
lidl-plus,Monique Gottmann,3,,Ich bekomme kein Online Kassenbon mehr :(,2026-05-16T15:26:28,True,In-store experience,negative,Online-Kassenbon wird nicht mehr bereitgestellt.,Digitalen Kassenbon wieder verfügbar machen.,medium,substantive
lidl-plus,Danja Siepermann,1,,"Würde gerne mit der App zahlen. nicht möglich. wenn ich das Lastschriftverfahren hinzufügen will, schließt die App den Vorgang nicht ab. Beim vierten Mal habe ich aufgegeben. Meine Bank Karte kann ich aus irgendwelchen Gründen nicht nutzen. Rabatt Coupons gibt es jetzt nur noch für ungesunden Kram. Würde mir Rabatt Coupons für Obst und Gemüse wünschen.",2026-05-16T13:12:37,True,Payment & checkout,negative,"Lastschriftverfahren lässt sich nicht hinzufügen, Vorgang wird nicht abgeschlossen.",Rabatt-Coupons auch für Obst und Gemüse anbieten.,high,substantive
lidl-plus,Baraa Moubid,5,,"Sehr toll , dennoch gibt es in den Angeboten noch so wie Schweine Produkte oder generell Fleisch , vielleicht kann man das ändern oder so auf nur halal,vegan,vegetarisch LG",2026-05-16T13:10:52,True,Coupons & discounts,positive,,"Angebote filtern nach halal, vegan oder vegetarisch ermöglichen.",low,substantive
lidl-plus,Tanja Ramstöck,1,,App lässt plötzlich keine Anmeldung mehr zu. Man wird immer wieder nur auf die Startseite geleitet. Deinstallation/Neue Installation etc. bringt gar nichts. Kundenservice hat auch keine zufriedenstellende Lösung. Ich solle doch einfach ein anderes Gerät benutzen.,2026-05-16T10:42:45,True,Authentication & login,negative,"Anmeldung nicht mehr möglich, App leitet immer auf Startseite zurück.",,high,substantive
lidl-plus,Meik Sinok,4,,"Glückwunsch, die App funktioniert jetzt auch mit Android 17, nach nur 4 Monaten. Jetzt meckert nur noch Lidl Pay das keine Internet Verbindung vorhanden ist wenn man es aktivieren will.",2026-05-16T09:18:37,True,Payment & checkout,neutral,Lidl Pay meldet beim Aktivieren fälschlich fehlende Internetverbindung.,,medium,substantive
lidl-plus,Hubi G,5,,Android 17 funktioniert. Tolle und einfache App.,2026-05-16T08:50:27,True,Performance & stability,positive,,,low,insufficient
lidl-plus,Leo Wolf,5,,Lebensmittelprodukten Lidl,2026-05-16T08:25:37,False,Other / unclear,positive,,,low,insufficient
lidl-plus,Angelika Poor,5,,Alles bestens,2026-05-16T08:20:23,True,Other / unclear,positive,,,low,insufficient
lidl-plus,Alexander Hasenhuettl,5,,Alles Super Danke.,2026-05-16T07:07:34,True,Other / unclear,positive,,,low,insufficient
lidl-plus,FABIAN 5113,4,,An sich eine tolle app was für den Onlineshop fehlt wäre ein Merkzettel wie früher um Artikel zu speichern alles in den Warenkorb ist keine Möglichkeit weil man es dann immer wieder löschen muss,2026-05-16T01:36:03,True,Search & navigation,positive,Im Onlineshop fehlt ein Merkzettel zum Speichern von Artikeln.,"Merkzettel-Funktion im Onlineshop einführen, um Artikel ohne Warenkorb zu speichern.",low,substantive
lidl-plus,Ralf Wörner,3,,"Die App funktioniert soweit ganz ok, Lidl Pay ist für mich nicht nutzbar, da meine Girokontodaten nicht angenommen werden, warum auch immer. Der Support konnte auch nicht helfen.",2026-05-16T00:03:43,True,Payment & checkout,negative,"Lidl Pay nicht nutzbar, da Girokontodaten nicht akzeptiert werden.",,high,substantive
lidl-plus,Paulo Rocha,2,,seit letzten Tagen geht der app nicht .,2026-05-15T22:11:02,True,Performance & stability,negative,App funktioniert seit einigen Tagen nicht mehr.,,high,insufficient
lidl-plus,Max Vest,3,,Die App hat eigentlich gut funktioniert bis sie auf einen Schlag gar nicht mehr geht und auch mehr zu aktualisieren ist und es heißt sie sei nicht mehr kompatibel ob woll das Gerät auf den Stand Android 10 ist und nicht veraltet ist würden uns über eine Rückmeldung freuen,2026-05-15T19:59:06,True,Performance & stability,negative,"App plötzlich nicht mehr kompatibel mit Android 10, kein Update möglich.",Kompatibilität mit Android 10 weiterhin unterstützen.,high,substantive
lidl-plus,NoN Perfect,1,,"Es tut euch leid, dass ich im Moment Probleme mit der App habe? Ihr seit mein Problem. Seit Monaten wird die miese App schlimmer, Preise werden seit Monate nicht angegeben. In meinem Profil ist lediger Rentner ohne Kinder und ohne Haustiere eingestellt. Mir werden immer wieder Gutscheine für Haustierbedarf und Kinderwaren angeboten. Für was haltet ihr mich!? Frech und unseriös, deine Antwort auf Bewertungen unangebracht und verlogen. Kauf mittlerweile bei der Konkurrenz. App gelöscht.",2026-05-15T19:55:00,True,Coupons & discounts,negative,Coupons passen nicht zum Profil; Preise werden seit Monaten nicht angezeigt.,Personalisierte Coupons sollen tatsächlich zum eingestellten Nutzerprofil passen.,medium,substantive
lidl-plus,marco wegner,1,,Abbruch. musste die App neu installieren da neues Handy. Passwort vergessen beim Versuch ein neues Passwort zu erstellen bricht die App jedes Mal einfach zwischendrin ab jetzt schon der fünfte Versuch die können mich jetzt mal,2026-05-15T18:45:26,True,Authentication & login,negative,Passwort-Zurücksetzen bricht jedes Mal mittendrin ab.,,high,substantive
lidl-plus,S. K.,1,,"Lidl ist echt das letzte. In 45711 Datteln wurde ich zu einer Taschenkontrolle aufgefordert, worauf ich nicht einging. Der inkompetente Filialleiter kam und ich klärte ihn darüber auf, dass im rechtsstaatlichen Deutschland nur die Polizei oder Staatsbeamte einen filzen dürfen, er solle die Polizei rufen und wenn die nichts finden bekommen sie eine Anzeige wegen Verleumdung. dies wollte er auch nicht. Ich dürfte nur noch ohne Taschen kommen.. wahrscheinlich nackt. hauptsache keinen Ladendetektiv.",2026-05-15T17:16:40,False,In-store experience,negative,Beschwerde über Taschenkontrolle und Filialleiter in einer Lidl-Filiale.,,low,insufficient
lidl-plus,Frank Platte,1,,"Bei der Registrierung, wurde ich darauf hingewiesen, dass bereits ein Konto mit der E-Mail Adresse existiert. Hatte ich vergessen. Hab vor vielen Monaten die App gelöscht. Konnte damals nichts damit anfangen. Jetzt einen erneuten Versuch gestartet. Und wahrscheinlich die Server gecrasht. Keine E-Mail mit Bestätigungscode erhalten. Statt dessen ein Hinweis, dass die Kapazität überschritten ist. Was soll mir das sagen? Das Lidl noch längst nicht im digitalen Zeitalter angekommen ist?",2026-05-15T16:15:31,True,Onboarding & registration,negative,"Bei der Registrierung kommt keine Bestätigungs-E-Mail, stattdessen Meldung 'Kapazität überschritten'.",,high,substantive
lidl-plus,Franziska,1,,Leider kann ich mich nach zig mal versuchen nicht mehr einloggen. Deinstallieren und neuinstallieren hat leider nicht geholfen. Passwort geändert und komme immer noch nicht rein. Support ist auch keine Hilfe. Ich würde gerne -5 Sterne geben für die schlechteste funktionierende App aller Zeiten,2026-05-15T15:18:56,True,Authentication & login,negative,"Login funktioniert trotz Neuinstallation und Passwortänderung nicht, Support hilft nicht.",,high,substantive
lidl-plus,Hartmut Gärtner,3,,Schon xmal versucht ein Update zu machen funktioniert nicht sehr schlecht!!!!!,2026-05-15T14:46:49,True,Performance & stability,negative,Update lässt sich nicht installieren.,,high,insufficient
lidl-plus,Julian W,1,,"Lächerlich. Passwort zurücksetzen und dann kommt die Fehlermeldung ""Kapazität wurde überschritten"". Eure App funktioniert nicht und logt einem die ganze Zeit aus. Da geh ich lieber zu Aldi.",2026-05-15T13:29:57,True,Authentication & login,negative,"Passwort zurücksetzen schlägt mit 'Kapazität überschritten' fehl, App loggt User ständig aus.",,high,substantive
lidl-plus,Ljiljana Boskovic,5,,perfekt danke,2026-05-15T13:22:33,True,Other / unclear,positive,,,low,insufficient
lidl-plus,Yvonne Krischer,5,,Liebe meine Angebote und löse Sie gerne ein.,2026-05-15T12:35:24,True,Coupons & discounts,positive,,,low,insufficient
lidl-plus,Klaus Liedtke,5,,Lidl ist ein sehr gutes Geschäft und wir gehen sehr gerne da Einkaufen 😉👍,2026-05-15T11:51:17,False,In-store experience,positive,,,low,insufficient
lidl-plus,Fadi,5,,"Eigentlich eine tolle App, nur unter Android 17 macht die App Probleme. Fehlermeldung: Kein Internet, trotz WLAN oder Mobilfunk. Android 17 ist mittlerweile bei der vierten Beta, kurz vor Release. Alle Apps laufen problemlos, nur die Lidl App nicht. Nachtrag: Mittlerweile funktioniert die App wieder, danke!",2026-05-15T10:58:57,True,Performance & stability,positive,"Unter Android 17 Beta zeigte die App fälschlich 'Kein Internet', inzwischen behoben.",Kompatibilität mit kommenden Android-Versionen frühzeitig sicherstellen.,low,substantive
lidl-plus,Manfred Holzmann,1,,"Antwort, ich soll ich melden, zu was, habe teuer getankt, soll ich mich noch einmal ärgern, nein Danke. Shell Aktion - wird bei Shell nicht akzeptiert. Lidl Punkte - Fehlermeldung etwas ist schiefgelaufen. 🙈 Spart euch das Geld für die App.",2026-05-15T10:58:00,True,Coupons & discounts,negative,Shell-Aktion wird nicht akzeptiert und beim Punkte-Sammeln erscheint Fehlermeldung.,,high,substantive
lidl-plus,Marvin Ross,1,,schlechtes app die jemals gemacht wurde,2026-05-15T10:46:19,True,Other / unclear,negative,"Nutzer bezeichnet die App pauschal als schlechteste, ohne konkreten Grund.",,low,insufficient
lidl-plus,Loiytzia (Loiy),1,,also es gibt wohl ein Update wenn ich diese mit meinem S7 herunterladen werde ich die App da sie dann nicht mehr kompatibel ist nutzen können wollte ich die Leute wirklich so muss behandeln und Menschen die mit ihrem Handy zu Frieden sind und die App Jahre lang genutzt haben so ausschließen? Ich werde mir ganz bestimmt nicht ein neues Handy kaufen solange meins noch geht daher bitte ich sie alte Handys weiter bei Updates zu beachten. Dann wir meine Bewertung auch wieder besser.,2026-05-15T10:39:34,True,Performance & stability,negative,Neues Update unterstützt ältere Geräte wie das Samsung S7 nicht mehr.,Weiterhin Kompatibilität mit älteren Android-Geräten gewährleisten.,high,substantive
lidl-plus,Stephan L,2,,"seit Monaten kommt immer , kein Internet... A17 qpr2 Edith: danke für eure Antwort. dann nutze ich halt eure App nicht mehr. ich werde doch wg einer App nicht mein gesamtes system ändern",2026-05-15T10:27:38,True,Performance & stability,negative,Unter Android 17 QPR2 zeigt die App seit Monaten 'kein Internet'.,App mit aktuellen Android-Versionen kompatibel machen.,high,substantive
lidl-plus,Marita Wedowski,5,,gut Sortiertes Angebot,2026-05-15T09:09:02,False,In-store experience,positive,,,low,insufficient
lidl-plus,Wilhelm Frerichs,1,,"Ich kann mich nicht mehr anmelden, es ist ein Fehler aufgetreten, bitte gehen Sie zurück. Auch mit PASSWORT VERGESSEN geht es nicht, und das schon 3 Wochen, immer wieder versucht--- keine Chance. Nervt total",2026-05-15T09:06:31,True,Authentication & login,negative,Anmeldung und Passwort-Reset funktionieren seit drei Wochen nicht.,,high,substantive
lidl-plus,Margarete Beutling,5,,sehr gut bin immer bei euch gut gefahren,2026-05-15T08:52:04,False,In-store experience,positive,,,low,insufficient
lidl-plus,Isabelloney,1,,"Super app, macht immer Spaß die zu benutzen! Finde es aber auch Schade das es keine gratis Artikel mehr gibt; diese waren meistens ein Grund für mich bei Lidl vorbei zu kommen.",2026-05-15T02:21:03,True,Coupons & discounts,neutral,Es gibt keine Gratis-Artikel mehr in der App.,Gratis-Artikel-Coupons wieder einführen.,low,substantive
lidl-plus,charl. rie.,5,,"immer frische produkte, nettes hilfreiches Personal, gute angebote, rasche kundenorientierte abwicklung der kassensituation und keine wartezeit",2026-05-15T00:24:55,False,In-store experience,positive,,,low,insufficient
lidl-plus,Lisi Pacher,5,,Preis Leistung Spitze sehr freundliches Personal in Althofen Kärnten,2026-05-14T23:22:50,False,In-store experience,positive,,,low,insufficient
lidl-plus,Jennifer Köhn,1,,Leider kein Update auf die Version 17.1.3 die mit Android 17 funktioniert.,2026-05-14T22:18:05,True,Performance & stability,negative,"Kein Update verfügbar, das mit Android 17 kompatibel ist.",Update für Android 17 Kompatibilität veröffentlichen.,high,substantive
lidl-plus,Frank Kapteina,5,,Fehler wurde behoben. Alles wieder online,2026-05-14T21:59:36,True,Performance & stability,positive,,,low,insufficient
lidl-plus,Kyuubi,1,,"Hängt wie sonst was und ständig muss man an der Kasse aktualisieren und kann nicht scannen + zusätzlich dieses eklige Pop up wenn man die App öffnet, das nervt richtig so dreist",2026-05-14T21:47:15,True,Performance & stability,negative,"App hängt, Scannen an der Kasse erfordert ständige Aktualisierung und nerviges Pop-up beim Öffnen.",Pop-up beim App-Start entfernen.,high,substantive
lidl-plus,Eva F.,2,,im onlineshop ist es nicht möglich nach unten zu srollen.der Bildschirm zittert und zickt dann nur rum. ausserdem nervt es total plus angebote zu aktivieren. die app ist auch komplett überladen. ich nutze sie echt kaum.,2026-05-14T21:13:12,True,Performance & stability,negative,"Im Onlineshop kann man nicht scrollen, Bildschirm zittert und App ist überladen.",Scrollen im Onlineshop reparieren und App entschlacken.,high,substantive
lidl-plus,R. W.,5,,"Unter Android 17 auf Pixel 10 Nutzung nicht möglich. Kommt immer die Meldung, dass die Internetverbindung fehlen würde, was aber nicht der Fall ist. Hoffe, kommt bald ein Update.... Update 17.04.2026 Nach mittlerweile 2 Updates kann man sagen... es funktioniert nach wie absolut nicht. Android 17 und Lidl wollen wohl nicht zusammen... 🤷🏽‍♂️ Update 14.5.26: Jetzt geht's wieder... Danke an den Lidl-Support...",2026-05-14T13:13:12,True,Performance & stability,neutral,"Unter Android 17 zeigte App fälschlich fehlende Internetverbindung an, nun behoben.",Kompatibilität mit neuen Android-Versionen sicherstellen.,medium,substantive
lidl-plus,"Su, Schi,",4,,"Sehr gutes Eindruck, nettes Personal, und man kann sehr gut einkaufen. Sehr Sauber, ich als Hauswirtschafterin.",2026-05-14T07:48:10,False,In-store experience,positive,,,low,insufficient
lidl-plus,Philipp Sch,1,,seit Android Update auf 9.0 beta Samsung s26u lass die App nicht mehr,2026-05-13T18:36:49,True,Performance & stability,negative,App startet nach Android 9.0 Beta Update auf Samsung S26U nicht mehr.,Kompatibilität mit Android Beta-Versionen herstellen.,high,substantive
lidl-plus,Simon,3,,"Bitte für Android 17 updaten. Bekomme nur ""keine Internetverbindung"".",2026-05-13T16:36:18,True,Performance & stability,negative,Unter Android 17 erscheint dauerhaft Meldung 'keine Internetverbindung'.,Update für Android 17 bereitstellen.,high,substantive
lidl-plus,Marc Zimmermann,2,,"Leider seit Update auf Android 17 nicht mehr zu nutzen, die App zeigt auf Pixel 6a und 9a ""keine Internetverbindung"" an (WLAN und mobile Daten).",2026-05-13T16:14:23,True,Performance & stability,negative,Seit Android 17 zeigt App auf Pixel 6a/9a 'keine Internetverbindung' an.,App für Android 17 kompatibel machen.,high,substantive
lidl-plus,Denis O.,1,,anmelden ist nicht möglich. trotz der neu installieren der App,2026-05-13T15:49:49,True,Authentication & login,negative,Anmeldung trotz Neuinstallation nicht möglich.,Login-Probleme beheben.,high,substantive
lidl-plus,Wolfgang Winter,3,,"Grundsätzlich gute App, läuft aber leider nicht unter Android 17. Zur Info: Ab Juni gibt's den Rollout von Android 17, die Lidl App Entwickler sollten sich daher etwas sputen.",2026-05-13T15:33:04,True,Performance & stability,neutral,App läuft nicht unter Android 17.,Rechtzeitiges Update für Android 17 vor dem Rollout.,high,substantive
lidl-plus,Jennifer Nickut,1,,seit Wochen gibt es Probleme beim Login komme einfach nicht rein trotz Code Bestätigung...,2026-05-13T14:27:15,True,Authentication & login,negative,Seit Wochen Login trotz Code-Bestätigung nicht möglich.,Login-Prozess reparieren.,high,substantive
lidl-plus,Peter Rolf,1,,Prospekte lassen sich auf Xiaomi nicht öffnen,2026-05-13T14:02:37,True,Performance & stability,negative,Prospekte lassen sich auf Xiaomi-Geräten nicht öffnen.,Prospektanzeige für Xiaomi-Geräte ermöglichen.,high,substantive
lidl-plus,Janine H,1,,"Funktioniert seit Monaten nicht, steht immer keine Internetverbindung. Auch nach Neuinstallation.",2026-05-13T13:49:58,True,Performance & stability,negative,Seit Monaten Fehler 'keine Internetverbindung' auch nach Neuinstallation.,Verbindungsproblem beheben.,high,substantive
lidl-plus,Schwarze Katze,2,,"There is a really awful Bug in the app! If you choose to not print the receipt and you use self-scan checkout, it WON'T give you a receipt in the app either!!",2026-05-13T11:43:08,True,Payment & checkout,negative,Bei Self-Scan-Checkout ohne gedruckten Beleg wird auch in der App kein Beleg gespeichert.,Digitalen Beleg auch bei nicht gedrucktem Kassenbon in App speichern.,high,substantive
lidl-plus,Ralf Friedrich,1,,so eine Müll App fragt nach der handynummer und schickt keine Codes,2026-05-13T11:26:15,True,Onboarding & registration,negative,Bestätigungscode wird nach Eingabe der Handynummer nicht versendet.,SMS-Codeversand zuverlässig machen.,high,substantive
lidl-plus,Golden Pants,1,,macht Rabatt ohne app,2026-05-13T09:51:58,False,Coupons & discounts,negative,Wunsch nach Rabatt ohne App-Nutzung.,Rabatte auch ohne App anbieten.,low,insufficient
lidl-plus,Youzhou Zhou,1,,Nicht funktional auf Pixel im Beta-Programm,2026-05-13T09:43:47,True,Performance & stability,negative,Funktioniert nicht auf Pixel im Android Beta-Programm.,Unterstützung für Android Beta-Versionen.,high,substantive
lidl-plus,Martin Weber,1,,"Funktioniert nicht mit der Android 17 Beta Version. Wohlgemerkt als einzige von 200 installierten Apps auf meinem Gerä, alle anderen Entwickler schaffen es ihre Apps für Android 17 bereit zu machen und funktionieren in der Beta nur Lidl bekommt es nicht hin.",2026-05-12T22:55:37,True,Performance & stability,negative,App funktioniert als einzige nicht unter Android 17 Beta.,Frühzeitige Anpassung an Android 17 Beta.,high,substantive
lidl-plus,Ralf Steger,1,,Wenn man Prospekte ansehen will hängt sich immer wieder auf. Und es wäre schön wenn man wieder dunkelmodus einstellen könnte.,2026-05-12T21:15:39,True,Performance & stability,negative,Prospektansicht stürzt ab und Dunkelmodus fehlt.,Dunkelmodus wieder einführen und Prospektabsturz beheben.,medium,substantive
lidl-plus,nostra damuss,1,,Verbindung mit dem Bankkonto nicht möglich aufgrund einer Fehlermeldung. der Support wiederholt lediglich die Fehlermeldung also Support kann / will nicht helfen. Wirklich lächerlich.,2026-05-12T19:03:52,True,Payment & checkout,negative,Bankkontoverknüpfung scheitert an Fehler und Support hilft nicht.,Bankkonto-Verbindung reparieren und besseren Support bieten.,high,substantive
lidl-plus,Jürgen Dabringer,2,,"Wieso ist es bei dieser App nicht einfach für den Anwender, sprich: Kunden sich u. a. aus den Angeboten die Einkauksliste zu füllen ... oder bin ich unfähig ... selbstsprechend ist es jedenfalls nicht",2026-05-12T17:05:28,True,Search & navigation,negative,Einkaufsliste lässt sich nicht intuitiv aus Angeboten befüllen.,Einfaches Hinzufügen von Angeboten zur Einkaufsliste ermöglichen.,medium,substantive
lidl-plus,Miriam McGaha,1,,"wenn sie funktionieren würde, wäre sie gut. Trotz mehrfacher Neuinstallationen, löschen von caches usw lässt sich die App seit Monaten nicht mehr öffnen. angeblich weil keine Internetverbindung aufgebaut werden kann -was nicht sein kann, weder im WLAN funktioniert es, noch mit mobilen Daten.",2026-05-12T14:17:42,True,Performance & stability,negative,"App lässt sich seit Monaten nicht öffnen, meldet fälschlich keine Internetverbindung.",,high,substantive
lidl-plus,Günter Brandstätter,5,,Sehr zufrieden,2026-05-12T11:58:09,True,Other / unclear,positive,,,low,insufficient
lidl-plus,Hans Jürgen Herfurth,5,,lidl ist super,2026-05-12T09:49:15,False,Other / unclear,positive,,,low,insufficient
lidl-plus,Kiffstar,1,,ich benutze die App seit ein paar Jahren aber ich frage mich ja immer noch warum mann kein angebot direkt auf die einkaufliste packen kann so wie bei Aldi oder kaufland da frage ich mich ob die zu ständig für die App noch nicht eine gute einkaufe App benutze haben und warum mann sein PayPal nicht mit den bezahlen verbinden kann,2026-05-12T03:47:47,True,Coupons & discounts,negative,Angebote können nicht direkt zur Einkaufsliste hinzugefügt werden und PayPal-Anbindung fehlt.,Angebote direkt zur Einkaufsliste hinzufügen können und PayPal als Zahlungsmittel integrieren.,medium,substantive
lidl-plus,gizmo,5,,Läuft super 😊,2026-05-11T21:43:32,True,Performance & stability,positive,,,low,insufficient
lidl-plus,Renė Spikowski,1,,"Seit Monaten bekomme ich nur noch die Meldung ""keine Internetverbindung"" sei es im WLAN oder im 5G Netz. Ich habe bereits versucht die App Entwicklung per Mail zu erreichen. Auch dort, keinerlei Reaktion. Selbst nach dem heutigen Update, weiterhin ""keine Internetverbindung"" auch nach dem Hinweis die App zu deinstallieren und neu zu installieren, keine Veränderung. Weiterhin ""keine Internetverbindung""",2026-05-11T21:31:18,True,Performance & stability,negative,"Dauerhafte Fehlermeldung 'keine Internetverbindung', auch nach Update und Neuinstallation; Support reagiert nicht.",,high,substantive
lidl-plus,Irena Miscovic,5,,app ist gut und Mitarbeiterinen im Appenzell und Herisau sehr behilflich mit dem app zu helfen,2026-05-11T20:14:31,True,In-store experience,positive,,,low,insufficient
lidl-plus,Gerald,4,,"Gute Funktionen (Einkaufsliste, kein PapierBon-Auswahl) nette Angebote und tolle Gewinnspiele. Das erfolgreiche Scannen der App ist aufgrund des Standard-Tons u.Lärms selten zu hören (bitte auf einen anderen Ton umschalten. Danke) Ich mag die App + Lidl🤗 Das letzte Update hat allerdings ein Problem verursacht - jeder Klick ist stark verzögert... - das war vorher nicht so (Android 14, 8GB echter RAM, Oukitel WP23plus Phone)",2026-05-11T17:59:30,True,Performance & stability,neutral,Seit dem letzten Update sind alle Klicks stark verzögert; Scan-Ton ist im Laden kaum hörbar.,Alternativen Scan-Ton zur Auswahl anbieten.,medium,substantive
lidl-plus,Rene Wolff,1,,Nach einer neu Installation sagt mir die App das ich kein Internet habe ob wohl mobile Daten an ist oder ich im WLan von Lidl drin bin. bekomme ich nur diese Meldung Kein Internet. wäre schön wenn man das Problem beheben könnte.,2026-05-11T17:51:03,True,Performance & stability,negative,"Nach Neuinstallation meldet App ständig 'kein Internet', obwohl Verbindung besteht.",,high,substantive
lidl-plus,R R,5,,Beste Geschäftes.,2026-05-11T17:49:37,False,Other / unclear,positive,,,low,insufficient
lidl-plus,Joachim Fuhrmann,4,,Guter Service top,2026-05-11T17:08:08,True,Other / unclear,positive,,,low,insufficient
lidl-plus,Ess Pe,1,,"Lese heute im App store,die App ist mit meinem Samsung galaxy s7 edge nicht mehr kompatibel.Am 7.5. ging's aber noch.Heute bei Lidl für 110.- eingekauft for nothing also! Wunderte mich schon,warum ich den Kassenbon nicht hier vorfinde.Danke liebe Lidl Entwickler, dass ihr das Smartphone Verkaufsgeschäft mit ankurbelt.Ich bin sauer.Wegen dieser App gehe ich überhaupt zu Lidl.Macht aber nix,ein Aldi habe ich 250m entfernt, zu Lidl muss ich mit dem Auto ca 3km fahren.Spare ich Benzin.Keine Lustmehr",2026-05-11T16:55:41,True,Performance & stability,negative,App ist plötzlich nicht mehr mit älterem Samsung Galaxy S7 Edge kompatibel.,Kompatibilität mit älteren Android-Geräten erhalten.,high,substantive
lidl-plus,Matt,2,,"An der App erkennt man, dass LIDL ziemlich bedürftig ist. Werbung und nervige Gamification ohne Ende. dabei will ich nur Pfand, evtl ein paar Coupons (aber das lasse ich neuerdings auch sein) und bezahlen machen. Kassenbon ist auch gut. aber das ganze drum herum. Nein...",2026-05-11T16:17:10,True,In-store experience,negative,"Zu viel Werbung und Gamification, der Fokus auf Kernfunktionen wie Pfand und Bezahlen geht verloren.","Reduzierung von Werbung und Gamification, Fokus auf Kernfunktionen.",medium,substantive
lidl-plus,Dominic,1,,Ich kann mein Passwort nicht zurücksetzen. Der Kundenservice konnte mir leider auch nicht weiterhelfen.,2026-05-11T13:59:45,True,Authentication & login,negative,Passwort-Zurücksetzen funktioniert nicht und Kundenservice konnte nicht helfen.,,high,substantive
lidl-plus,Guido Sallmann,2,,"Sehe zwar mein Kundenkonto, kann aber nichts öffnen. Wird immer gesagt das ich keine Internet Verbindung habe. Was aber totaler Unsinn ist. Kann nicht mal über die App meine Kassenbons einsehen, geschweige denn eine Bestellung machen. Ist also eine sinnlose App Vielleicht sollte mal ein Update bereitgestellt werden für neuere Android Versionen, bei Android 17 ist die App garnichts aktivierbar. Android 17 ist bei Google Pixel ab 6er Generation schon relaest.",2026-05-11T13:42:49,True,Performance & stability,negative,App meldet fälschlich keine Internetverbindung und ist unter neueren Android-Versionen unbrauchbar.,Update für neuere Android-Versionen bereitstellen.,high,substantive
lidl-plus,Eva Riegel,4,,"Kann die App schon seit Wochen nicht mehr nutzen. Immer wieder Verbindungsfehler, egal wo, ob im Laden oder zu Hause bei bestem Internetempfang. De- und Neuinstallation hat nicht geholfen. App startet direkt mit der Fehlermeldung und weißem Bildschirm, es wird nichts geladen. Schade, habe sie bisher stets genutzt, jetzt ist sie nutzlos. Nachtrag: vielen Dank für die Rückmeldung, daran könnte es tatsächlich liegen.",2026-05-11T12:44:21,True,Performance & stability,negative,"Seit Wochen Verbindungsfehler beim Start, weißer Bildschirm, Neuinstallation half nicht.",,high,substantive
lidl-plus,Monika Kaltenhauser,5,,Nur gute Erfahrungen,2026-05-11T11:02:20,True,Other / unclear,positive,,,low,insufficient
lidl-plus,Stefan Boss,5,,top,2026-05-11T09:39:26,True,Other / unclear,positive,,,low,insufficient
lidl-plus,Carmen Vogler,2,,Leider gibt es in der App im Onlineshop keine Merkliste bzw Wunschliste mehr.,2026-05-11T06:58:48,True,Search & navigation,negative,Im Onlineshop der App gibt es keine Merk- bzw. Wunschliste mehr.,Merkliste/Wunschliste im Onlineshop der App wieder einführen.,medium,substantive
lidl-plus,Sven Zimmer,2,,eigentlich ganz gut. Aber vermehrte Stammdatenprobleme (Aktionen mit unterschiedlichen Preisen und teilweise Bezeichnungen bei gleichem Artikel) und die fehlende Basisfunktion (Merkliste oder Favoriten) im Lidl online Shop in der App ist echt mega nervig und unprofessionell. Wie kann das sein? das ist ein Standard online Platform Feature.,2026-05-10T20:59:51,True,Search & navigation,negative,Stammdatenprobleme bei Aktionen sowie fehlende Merkliste/Favoriten im Online-Shop.,Merkliste/Favoriten-Funktion im Lidl Online-Shop ergänzen.,medium,substantive
lidl-plus,rhognaL knarF Art's,2,,Erste Benutzung ging schon in die Hose log in nicht möglich ???? Kann man nur hoffen das mit dem neuen Rechenzentrum alles klappt,2026-05-10T20:35:31,True,Authentication & login,negative,Login bei Erstnutzung nicht möglich.,,high,substantive
lidl-plus,N Kass,5,,gut 👍,2026-05-10T19:32:19,True,Other / unclear,positive,,,low,insufficient
lidl-plus,Robert M.,1,,Nicht mehr akteptabel. Bisher konnte man den Prospekt als PDF downladen und in Ruhe zu hause durchlesen. Jetzt hat man nur die mickrige Ansicht auf dem Smartphone. Gut dass alle Mitbewerber noch gut lesbare PDF-Prospekte liefern. Suf Lidl verzichte ich dann halt.,2026-05-10T15:30:48,True,Coupons & discounts,negative,"Prospekt kann nicht mehr als PDF heruntergeladen werden, nur kleine Smartphone-Ansicht.",Prospekt wieder als herunterladbares PDF bereitstellen.,medium,substantive
lidl-plus,Silvana Gasser,5,,alles einfach.toll,2026-05-10T05:47:49,True,Other / unclear,positive,,,low,insufficient
lidl-plus,Der OBERMAAT,2,,"An der Selbstscankasse Freigabe bei alkoholischen Getränke nur durch Mitarbeiter. Bin selbst über 60 Jahre. Könnte man verbessern Einkaufliste: Warum ist es nicht möglich, aus dem Wochenprospekt Artikel per Klick in die Einkaufliste zu bekommen..?",2026-05-09T22:42:09,True,In-store experience,neutral,"Alkohol-Freigabe an Selbstscankasse nur durch Mitarbeiter, Artikel aus Prospekt nicht per Klick auf Einkaufsliste übertragbar.",Artikel aus Wochenprospekt per Klick zur Einkaufsliste hinzufügen können.,medium,substantive
lidl-plus,Christoph Kowalski,1,,Die App zeigt dauerhaft keine Internetverbindung an.,2026-05-09T21:01:20,True,Performance & stability,negative,App zeigt dauerhaft keine Internetverbindung an.,,high,substantive
lidl-plus,Günta Zett,3,,"Die App nutze ich überwiegend im Ausland, leider kann man dort die eigene Sprache nicht einstellen. Bitte ändern.",2026-05-09T18:32:04,True,"Other app features (themes, accessibility, customization)",negative,Im Ausland lässt sich die eigene Sprache in der App nicht einstellen.,Sprache unabhängig vom Land frei einstellbar machen.,medium,substantive
lidl-plus,Marti G,1,,"Die schlechteste App, die ich kenne. Sie startet im Laden nicht bzw. extrem langsam, weil da die Verbindung schlecht ist. Außerdem wird meine Einstellung ignoriert, dass ich einen Papierbon haben will.",2026-05-09T13:28:54,True,Performance & stability,negative,App startet im Laden extrem langsam und Einstellung für Papierbon wird ignoriert.,Papierbon-Einstellung zuverlässig respektieren.,high,substantive
lidl-plus,Rider,5,,alles gut mit der app. die Leute sind einfach zu dumm ein handy zu benutze 😂,2026-05-09T09:09:04,True,Other / unclear,positive,,,low,insufficient
lidl-plus,Sebastian Haft,1,,"Bei mir steht die ganze Zeit „Keine Internetverbindung"" obwohl ich im Netz bin. egal ob ich es mit Mobilen Daten oder im Normalen Heimnetz versuche, es klappt nicht. Ich kann die App nicht mal einrichten da die Länderauswahl dadurch nicht geht",2026-05-09T08:53:21,True,Onboarding & registration,negative,"App meldet ständig keine Internetverbindung, Einrichtung und Länderauswahl unmöglich.",,high,substantive
lidl-plus,Petra Sudhoff,4,,"Sehr gute Qualität, freundliche Bedienung, reichlich Marken Auswahl,",2026-05-09T06:06:43,False,In-store experience,positive,,,low,insufficient
lidl-plus,Stefan Biemann,3,,"ich bin Beta Tester und habe Android 17. leider funktioniert die App nicht mehr. es wird immer angezeigt, kein Internet vorhanden. es heißt Kaufland und Lidl gehören zusammen. Kaufland App funktioniert, nur nicht die Lidl Plus App, traurig 😞 habe mich auch erkundigt an Android 17 liegt es nicht.",2026-05-09T05:22:00,True,Performance & stability,negative,App funktioniert auf Android-Beta-Version nicht mehr und meldet fehlendes Internet.,Kompatibilität mit Android-Beta-Versionen sicherstellen.,high,substantive
lidl-plus,Tino Cammalleri,5,,Habe Hausverbot wegen meiner Meinung. Danke nochmals.,2026-05-09T03:47:43,False,In-store experience,negative,,,low,insufficient
lidl-plus,Dirk Kloßek,1,,Leider kann ich mich nicht mehr einloggen. Beim Zurücksetzen des Passwortes wird mein Geburtsdatum plötzlich als falsch angezeigt,2026-05-08T22:54:00,True,Authentication & login,negative,"Login nicht möglich, beim Passwort-Reset wird Geburtsdatum fälschlich als falsch angezeigt.",,high,substantive
lidl-plus,Thomas Kühling,1,,Seit dem Update auf Android 17 funktioniert die App nicht mehr.,2026-05-08T22:30:57,True,Performance & stability,negative,App funktioniert seit Android-17-Update nicht mehr.,,high,substantive
lidl-plus,Bruno Weitner,1,,"In letzter Zeit kam es immer wieder vor, dass Coupons nicht berücksichtigt wurden, obwohl sie aktiviert waren. Was soll das? Der Hinweis auf die E-Mail ist auch ein Witz. Dorthin soll man Screenshots von Sachen schicken, die in der App nicht mehr sichtbar sind.",2026-05-08T21:49:02,True,Coupons & discounts,negative,Aktivierte Coupons werden an der Kasse nicht berücksichtigt.,Zuverlässige Einlösung aktivierter Coupons und besserer Support-Prozess.,high,substantive
lidl-plus,Nina König,3,,App ist ja ganz toll aber ob ich jemals dort wieder Einkaufe ist fraglich...Ihr bietet Fleisch von geschächteten Tieren an..wir sind hier in Deutschland und brauchen kein Fleisch wo Tiere lebendig geschlachtet werden..und da macht ihr Werbung für Tierwohl.. .Ich glaubs ja nicht...,2026-05-08T18:20:28,False,In-store experience,negative,,,low,substantive
lidl-plus,- “‪50U7R34P3R‬” SoulReaper,4,,"Normalerweise bin ich enorm zufrieden mit der App, auch wenn in Bezug auf Bedienerfreundlichkeit einiges optimiert werden kann, daher 4 Sterne. Macht weiter mit ""Scan&Go"", bringt eure Filialen auf neuesten Stand und automatisiert die Coupons, dann reden wir über 5 Sterne.",2026-05-08T15:06:51,True,Coupons & discounts,positive,"Bedienerfreundlichkeit verbesserungswürdig, Coupons müssen manuell aktiviert werden.",Coupons automatisch einlösen und Scan&Go in mehr Filialen ausbauen.,low,substantive
lidl-plus,Hannesto Harti,1,,seit der Android Beta Version nicht mehr zu gebrauchen. die App hat Internet Probleme!,2026-05-08T12:21:28,True,Performance & stability,negative,App hat seit Android-Beta-Version Internet-Probleme und ist unbrauchbar.,,high,substantive
lidl-plus,Pierre Kerchner,1,,Ernsthaft noch eine extra Pin zum Bezahlen? ich kann nur noch mit dem Kopf schütteln und diese App deinstallieren als ob mein Handy nicht schon genug Schutzmechanismen hat,2026-05-08T11:48:23,True,Payment & checkout,negative,Zusätzliche PIN zum Bezahlen wird als überflüssig empfunden.,Extra Bezahl-PIN abschaffen oder optional machen.,medium,substantive
lidl-plus,Michael,1,,Registrierung nur mit Angabe der Telefonnummer? Da ist die Konkurrenz datensparsamer. Dann eben nicht ...,2026-05-08T11:01:25,True,Privacy & data concerns,negative,"Registrierung erfordert Angabe der Telefonnummer, was als zu datenhungrig empfunden wird.",Registrierung ohne Telefonnummer ermöglichen.,medium,substantive
lidl-plus,Urs Schaerer,1,,Kann das app seit über einem Jahr nicht mehr benutzen. Defekt.,2026-05-08T11:00:15,True,Performance & stability,negative,App ist seit über einem Jahr defekt und nicht nutzbar.,,high,insufficient
lidl-plus,Manfred Hintersteiner,1,,"wenn man im geschäft steht und dann beim öffnen der app ""etwas ist schiefgelaufen"" steht so geht das mal gar nicht. handyneustart, app deinstalliert und neu installiert. alles zwecklos... immer die selbe meldung.",2026-05-08T10:52:32,True,Performance & stability,negative,"App zeigt im Geschäft dauerhaft Fehlermeldung 'etwas ist schiefgelaufen', auch nach Neuinstallation.",,high,substantive
lidl-plus,Beate Tschepke,5,,"Lidl Plus App ist einfach wunderbar, Super Klasse Beate Tschepke",2026-05-08T10:52:07,True,Other / unclear,positive,,,low,insufficient
lidl-plus,Thomas T.,1,,Man kann sich nicht einloggen,2026-05-07T23:27:41,True,Authentication & login,negative,Login in die App ist nicht möglich.,,high,substantive
lidl-plus,Jo Hi.,1,,"update, wieder eine unangenehme Erfahrung.Wenig intelligente Kopplung von Land und Sprache, verreist man in ein Nachbarland, kann man die App dort nutzen, aber nur, wenn man umstellt auf Land UND Sprache - zu kurz gedacht Lidl, nur weil man sich dort aufhält, bedeutet das nicht, das ich die Landessprache beherrsche; aber ich kann ja auch woanders einkaufen...",2026-05-07T22:22:03,True,"Other app features (themes, accessibility, customization)",negative,"Land und Sprache sind zwangsgekoppelt, sodass im Ausland die Sprache mitgewechselt werden muss.",Land und Sprache unabhängig voneinander einstellbar machen.,medium,substantive
lidl-plus,K D,1,,"seit dem Update geht die Anmeldung nicht mehr. 5 Tage später, nich ein Update, App geht immer noch nicht.",2026-05-07T18:52:42,True,Authentication & login,negative,Seit dem letzten Update funktioniert die Anmeldung nicht mehr.,,high,substantive
lidl-plus,N,5,,"man muss echt mal erwähnen das die App super funktioniert und schnell ist . Sowie Lidl da die besten Angebote, Coupons raushaut im Vergleich zu anderen Supermärkten . Die App ist super 💪 weiter so Lidl 😃. Eure SB Kassen Systeme sind nicht die besten , aber bei der App seid ihr die besten",2026-05-07T17:43:15,True,Coupons & discounts,positive,,,low,substantive
lidl-plus,Daniel Zwick,1,,funktioniert nicht,2026-05-07T12:49:43,True,Performance & stability,negative,App funktioniert nicht.,,high,insufficient
lidl-plus,hannjojo,5,,sehr gute Updates!,2026-05-07T11:27:44,True,Other / unclear,positive,,,low,insufficient
lidl-plus,MrSneiw,1,,due Lidl plus app öffnet sich nicht mehr. auch eine Neuinstallation zeigt keinen Erfolg. Gemini weiss auch nicht mehr weiter. schade hätte die App gern weiter genutzt. irgendwas scheint sich bei der App geändert zu haben. mein Telefon ist ein Google Pixel 9 pro XL.,2026-05-07T09:25:13,True,Performance & stability,negative,"App lässt sich auf Google Pixel 9 Pro XL nicht mehr öffnen, auch nach Neuinstallation.",,high,substantive
lidl-plus,Ralf Eggert,1,,"gratis Artikel gültig, aktiviert, App gescannt, Artikel gescannt. bezahlt. App zeigt der Coupon würde eingelöst. aber er wurde berechnet. 15 min Discussion mit Kassierer und Filialleiter. das brauche ich nicht als langjähriger Stammkunde. ich werde 2 Wochen nicht mehr bei Lidl kaufen",2026-05-07T08:46:04,True,Coupons & discounts,negative,Aktivierter Gratis-Coupon wurde trotz Anzeige als eingelöst an der Kasse berechnet.,Zuverlässige Einlösung aktivierter Coupons an der Kasse sicherstellen.,high,substantive
lidl-plus,yo-or-no,5,,"Der ""Sorry Coupon 😊"" saved my day. Nachdem bei der Verrechnung einer Rabattsammler Prämie etwas schief gelaufen ist, wurde mir als kleine Wiedergutmachung dieser ""Sorry Coupon 😊"" über einen Geldbetrag ausgestellt. Das lief total unkompliziert ab und zauberte mir und meiner Frau ein breites Lächeln ins Gesicht, weil wir so eine süße Reaktion nicht erwartet hätten. Das alleine reicht für mich schon aus, volle Punktzahl zu geben, da es eine super Kundenwertschätzung widerspiegelt.",2026-05-07T08:30:18,True,Coupons & discounts,positive,,,low,substantive
lidl-plus,Tanja „Naina79“ Becker,5,,Die App gefällt mir. Ich habe eine Frage zu der digitalen Pfandbon-Funktion: Kann man mehrere Bons sammeln und dann gemeinsam einlösen oder ist das nicht möglich?,2026-05-06T21:07:37,True,Loyalty program mechanics,positive,,Mehrere digitale Pfandbons sammeln und gemeinsam einlösen können.,low,substantive
lidl-plus,Johannes Schröder,1,,ich habe diese app gelöscht weil sie mich zwingen will einen account mit adresse und persönlichen daten anzulegen,2026-05-06T18:32:06,True,Privacy & data concerns,negative,App erzwingt Account-Anlage mit Adresse und persönlichen Daten.,Nutzung ohne Angabe persönlicher Daten ermöglichen.,medium,substantive
lidl-plus,Hermann Walk,5,,Alles zu meiner Zufriedenheit,2026-05-06T13:15:00,True,Other / unclear,positive,,,low,insufficient
lidl-plus,Camilj Ramadani,2,,musss noch viel besser gemacht werden es läd zulang und hängt,2026-05-06T12:32:52,True,Performance & stability,negative,App lädt zu lange und hängt.,,medium,substantive
lidl-plus,Olaf Zaplinski,2,,Könnte besser sein. Wollte mir den Luftbefeuchter aus dem aktuellen Prospekt kaufen. Nur leider ist das verwendete Öl nirgends zum nachkaufen zu finden. Bravo. Wieder mal einen Kunden erfolgreich abgewehrt. 👍🏽,2026-05-06T10:49:23,False,Online shop & ordering integration,negative,Zubehör/Öl für gekauften Luftbefeuchter ist nirgends nachkaufbar.,Nachkaufmöglichkeit für Produktzubehör (z.B. Öl für Luftbefeuchter) anbieten.,medium,substantive
lidl-plus,Saidu K,1,,"New update with ""points"" system made me decide to shop at Aldi from now on. Spending £180 for 1 free bag of cashew nuts is kinda ridiculous",2026-05-06T10:40:27,True,Loyalty program mechanics,negative,Neues Punktesystem bietet schlechtes Verhältnis zwischen Ausgaben und Prämien.,Attraktiveres Punktesystem mit besseren Prämien einführen.,medium,substantive
lidl-plus,Niemand,2,,Die alte App war besser. Die Angebote konnte man besser durchschauen etc. Mittlerweile ist diese App sowas von undursichtig geworden...,2026-05-06T09:06:15,True,Search & navigation,negative,Neue App-Version ist unübersichtlich; Angebote sind schlechter durchzusehen.,Übersichtlichere Darstellung der Angebote wie in der alten App.,medium,substantive
lidl-plus,1475,1,,"""Lidl Plus wurde für dich noch weiter verbessert. Viel Spaß bei der Nutzung!"", sagt alles und doch gar nichts! Anstatt jetzt (endlich) gezielt darauf hinzuweisen was gefixt wurde, kommt da so ein leeres Blah-blah! NoGo. Für wie Naiv haltet ihr denn eure User?! Edit: Lernresistent!",2026-05-06T02:53:13,True,"Other app features (themes, accessibility, customization)",negative,Update-Hinweise sind nichtssagend und enthalten keine konkreten Changelog-Informationen.,Detaillierte Changelogs in Update-Hinweisen anzeigen.,low,substantive
lidl-plus,Klaus Cafueri,1,,"diese App kann man vergessen,und jeder Hinsicht kann mich schon lange nicht mehr einloggen",2026-05-05T23:08:51,True,Authentication & login,negative,Nutzer kann sich seit langem nicht mehr in die App einloggen.,,high,substantive
lidl-plus,Holger Siegwarth,2,,"Wenn die App mal funktioniert, ist sie ganz in Ordnung. Hilfreich beim Einkauf, weil man mit Coupons Geld sparen kann, und Produkte die mit Lidl App günstiger sind, vergünstigt einkaufen. Ein großer Fehler, den ich gemacht habe, ist die App auf Online-Kassenbon einzustellen. Die Kassenbons sind aber sehr oft nicht abrufbar. Ich habe jetzt das Problem, dass ich dringend einen Kassenbon brauche, aber keinen Zugriff bekomme, und das schon seit Tagen nicht mehr. Diese App ist wirklich schlecht.",2026-05-05T23:01:24,True,In-store experience,negative,"Online-Kassenbons sind häufig nicht abrufbar, obwohl auf digitalen Bon umgestellt wurde.","Zuverlässiger Zugriff auf gespeicherte digitale Kassenbons, ggf. Option zum Export.",high,substantive
lidl-plus,S. Koehler,4,,"Was die vollen 5 Sterne verhindert ist die Tatsache, dass es keinen integrierten Einkaufszettel gibt, in den ich ALLES was ich kaufen möchte, legen kann. (Selbstverständlich auch mit einem Fingertipp die Plus-Angebote) Izwischen zwei Sterne mehr, denn bei Scan&Go muss man jetzt nicht mehr zwischen Einkaufszettel und Scannen wechseln. die App stürzt aber seitdem oft ab.👍👍 Es wäre auch richtig toll, wenn man die Einkaufsliste sortieren könnte. 🙂 Ansonsten mehreren Handys nutzbar. 👍",2026-05-05T20:15:42,True,Shopping list features,neutral,App stürzt seit Scan&Go-Integration häufig ab; Einkaufsliste lässt sich nicht sortieren.,Integrierten Einkaufszettel mit Sortierfunktion und Plus-Angeboten per Fingertipp anbieten.,medium,substantive
lidl-plus,Irina Balitzki,1,,Seit 3 Wochen komme ich nicht mehr in die App,2026-05-05T20:08:47,True,Authentication & login,negative,Seit drei Wochen kein Zugang zur App möglich.,,high,substantive
lidl-plus,H. Schütz,2,,"bringt mir fast nichts, weder finanziell noch informativ. Lidl bekommt meine Daten, und ich? Und in den Läden habe ich fast immer Probleme mit dem Internet, für WLAN ist Lidl wohl zu geizig.",2026-05-05T16:22:50,True,Privacy & data concerns,negative,"App bringt kaum Mehrwert, sammelt aber Daten; im Laden fehlt zudem stabiles Internet/WLAN.",WLAN in Filialen bereitstellen und echten Mehrwert für Nutzer schaffen.,medium,substantive
lidl-plus,J K,4,,Nach dem Update startet nicht mehr. Nach dem Entfernen und Neuinstallation funktioniert wieder einwandfrei,2026-05-05T15:40:55,True,Performance & stability,neutral,"App startete nach Update nicht mehr, erst Neuinstallation half.",,medium,substantive
lidl-plus,A,3,,"Gute Funktionen werden einfach deaktiviert. Es ist nervig, im Reiter Lidl Plus immer nach ganz oben wischen zu müssen, um auf den aneren Bereich zu kommen (Coupons, Angebote). Früher hatte man dafür verschiedene Tabs.",2026-05-05T12:56:39,True,Search & navigation,negative,"Navigation im Lidl-Plus-Tab umständlich, da Tabs für Coupons/Angebote entfernt wurden.",Separate Tabs für Coupons und Angebote wieder einführen.,medium,substantive
lidl-plus,Stefan Sebus,1,,"Seit Android 17 bekomme ich nur noch die Meldung ""keine Internetverbindung"" sei es im WLAN oder im 5G Netz. Ich habe bereits versucht die App Entwicklung per Mail zu erreichen. Auch dort, keinerlei Reaktion. Selbst nach dem heutigen Update, weiterhin ""keine Internetverbindung"" auch nach dem Hinweis die App zu deinstallieren und neu zu installieren, keine Veränderung. Weiterhin ""keine Internetverbindung""",2026-05-05T12:33:17,True,Performance & stability,negative,"App meldet seit Android-Update durchgehend 'keine Internetverbindung', Support reagiert nicht.",,high,substantive
lidl-plus,Cornelia Roche,1,,super,2026-05-05T12:26:09,False,Other / unclear,neutral,,,low,insufficient
lidl-plus,Viereck Tablet,3,,Warum soll man nur in einer Niederlassung einkaufen? Ungeeignet für Leute die viel unterwegs sind da man dann andauernd die NL wechseln muss. Und wofür gibt es den Button Papierbon sparen? Wenn dann doch ein Bon ausgedruckt wird um den Kassenbereich verlassen zu können. Sorry da stimmt einiges noch nicht.,2026-05-05T10:24:03,True,Store finder & maps,negative,Festlegung auf eine Niederlassung unpraktisch; Papierbon-sparen-Funktion druckt trotzdem Bon.,Nutzung in mehreren Filialen ohne Wechsel ermöglichen und Papierbon zuverlässig unterdrücken.,medium,substantive
lidl-plus,Joe Gerhartinger,1,,"Werde immerwieder ausgeloggt,warum?",2026-05-05T10:23:25,True,Authentication & login,negative,Nutzer wird immer wieder automatisch aus der App ausgeloggt.,,high,insufficient
lidl-plus,Abdirasaq Ahmed,5,,"Wow, die beste App! Bevor man einkaufen geht, kann man eine Liste der Dinge erstellen, die man kaufen möchte, und es gibt auch eine Funktion, um Artikel zur Liste hinzuzufügen, falls man Angst hat, etwas zu vergessen.",2026-05-05T01:41:41,True,Shopping list features,positive,,,low,substantive
lidl-plus,Khalamari Kid,2,,"Update-Informationen? ""trust me, bro!"". Etwas mehr Details wären vielleicht interessant",2026-05-05T00:19:16,True,"Other app features (themes, accessibility, customization)",negative,Update-Informationen sind zu vage und ohne Details.,Mehr Details in den Update-Hinweisen bereitstellen.,low,substantive
lidl-plus,Peter G.,1,,"Bisher immer zufrieden gewesen mit der App. Seit heute kein Zugriff mehr auf die App. Sie startet nicht mehr, nur Lidl Logo und Ende. Android 16.",2026-05-05T00:14:07,True,Performance & stability,negative,"App startet auf Android 16 nicht mehr, bleibt beim Lidl-Logo hängen.",,high,substantive
lidl-plus,D. A.,2,,online Shop kann man nicht bei der Kasse mehr auswählen ob mit Karte oder sonstiges. somit leider kein online Kauf. leider kann man von der Antwort nicht wieder antworten. daher hier noch. keine Visa keine EC Karte nichts da die App spinnt. es ist genauso bei der connect App kann zwar sofort zahlen klicken und klickt man bei 15 Euro passiert nichts. vielleicht sollte nochmal ein Itler drüber schauen,2026-05-04T22:13:25,True,Payment & checkout,negative,"Im Online-Shop lässt sich an der Kasse keine Zahlungsmethode mehr auswählen, Kauf nicht möglich.","Zahlungsmethodenauswahl (Visa, EC etc.) im Online-Checkout wieder funktionsfähig machen.",high,substantive
lidl-plus,Frank Schöttler,2,,"Eigentlich ganz OK aber: - Bezahlen per ""Lidel Pay"" wird nicht verbindlich an Kasse übergeben (ein abgewählter Bon aber schon)",2026-05-04T21:58:46,True,Payment & checkout,negative,"Lidl Pay wird an der Kasse nicht verbindlich übergeben, im Gegensatz zu abgewählten Bons.",Zuverlässige Übergabe der Lidl-Pay-Zahlung an das Kassensystem sicherstellen.,high,substantive
lidl-plus,1475,1,,"""Lidl Plus wurde für dich noch weiter verbessert."", sagt alles und doch gar nichts! Anstatt jetzt mitzuteilen was jetzt (endlich) gefixt ist, kommt da so ein leeres Blah-blah! NoGo! Für wie Naiv haltet ihr den eure User?!",2026-05-04T19:07:55,True,"Other app features (themes, accessibility, customization)",negative,Update-Hinweise nennen keine konkreten Änderungen oder Bugfixes.,Detaillierte Changelogs zu jedem Update veröffentlichen.,low,substantive
lidl-plus,Sylv R,1,,"seit dem letzten Update, lässt sich die App sehr selten öffnen!",2026-05-04T18:18:50,True,Performance & stability,negative,Seit letztem Update lässt sich die App nur noch selten öffnen.,,high,substantive
lidl-plus,Bina T.,4,,"Schade, dass man Artikel aus dem Prospekt nicht auf die einkaufsliste setzen kann.",2026-05-04T18:12:11,True,Coupons & discounts,neutral,Artikel aus dem Prospekt können nicht auf die Einkaufsliste übernommen werden.,Prospekt-Artikel direkt per Tipp auf die Einkaufsliste setzen können.,low,substantive
lidl-plus,Lars,1,,App lädt nicht. Im Startmenü ist ein Ladefehler.,2026-05-04T18:12:02,True,Performance & stability,negative,App lädt nicht und zeigt Ladefehler im Startmenü.,,high,substantive
lidl-plus,Niemand Lul,1,,"Will ein Konto erstellen,aber er schickt mir einfach keinen Bestätigungscode an die Telefonnummer. Probiere es schon seit Stunden.",2026-05-04T17:23:07,True,Onboarding & registration,negative,Bestätigungscode per SMS kommt bei Kontoerstellung nicht an.,,high,substantive
lidl-plus,Gerhard5__ 9Gerhard,5,,sehr gut,2026-05-04T15:23:50,True,Other / unclear,positive,,,low,insufficient
lidl-plus,Alexes van da Hole,1,,"das letzte! mal eben schnell Einkauf und dabei das Auto laden ... Vergiss es! Diese App ist ein Paradebeispiel für deutsches Digitalisierungsversagen. Wer het sich diesen Verifikationsprozess ausgedacht?! Ist man durch alle Ringe gesprungen, gibt es keine Garantie, dass es dann funktioniert. Der Support gibt seit Wochen keine Rückmeldung. edit: die Antwort von Lidl ist zynisch. wie geschrieben erhalte ich seit Wochen keine Antwort auf meine übersendeten Anfragen.",2026-05-04T14:16:23,True,Onboarding & registration,negative,Verifikationsprozess fürs Auto-Laden ist umständlich und Support antwortet nicht.,Einfacherer Verifikationsprozess und reaktionsschnellerer Support.,high,substantive
lidl-plus,Gertrud Popprath,5,,bitte kleinere Portionen für Singelhaushalte und Pesionnisten anpacken zum Beispiel Milch normale und haltparmilch,2026-05-04T11:02:27,False,Other / unclear,neutral,,Kleinere Portionsgrößen (z.B. Milch) für Single- und Rentnerhaushalte anbieten.,low,substantive
lidl-plus,Elektriker E,1,,"ich will einfach nur laden. Dafür wurde die Kreditkarte erfunden. Stattdessen muss ich mich registrieren, es kommt aber keine SMS mit Code. Dann fange ich nochmal von vorne und kann keine Filiale mehr auswählen. Ende",2026-05-04T10:46:05,True,Onboarding & registration,negative,"Keine SMS mit Bestätigungscode, Filialauswahl bei Neuversuch nicht mehr möglich.",Laden ohne Registrierung per Kreditkarte ermöglichen.,high,substantive
lidl-plus,Patrick Demont,4,,Konnte nicht runtergeladen werden. Weder via QR noch via Google Play 👉Lidl Plus...??? Am besten ignorieren🤔 Das ist nun OK. Rezension kann gelöscht werden 🙏,2026-05-04T07:57:14,True,Performance & stability,neutral,"App ließ sich zunächst nicht herunterladen, Problem inzwischen behoben.",,low,insufficient
lidl-plus,Michael Mahler,1,,"An LIDL-IT-Team: wie sieht's aus?? Habt ihr endlich was getan?? Der Fehler ist immer noch da! Kann LIDL-App nicht starten = Meldung “kein Internet"". Über LIDL.de angefragt - Antwort lapidar abwimmelnd: nicht LIDL sei Schuld sondern die aktuelle Google-Pixel-Kombi & aktuellste Android-Version = nicht mehr kompatibel zu LIDL!!!! Hä?? 100.derde Apps funktionieren incl. KAUFLAND!!!!. LIDL erwartet also dass das Android - Betriebssystem an LIDL angepasst wird. Bin lt. Internetwelt nicht der einzige.",2026-05-03T18:09:25,True,Performance & stability,negative,"App startet auf Google Pixel mit aktuellem Android nicht, meldet keine Internetverbindung.",Kompatibilität mit aktuellen Android-Versionen und Google-Pixel-Geräten herstellen.,high,substantive
lidl-plus,Henning Kilian,1,,"Als Android-Beta-Tester ist die App seit Monaten! nicht mehr nutzbar. Seitdem (einschließlich gestern) gab es mehrere Updates mit ""Fehlerverbesserungen"", auch hat die Android-Beta seit über einem Monat die sogenannte Plattformstabilitat, also quasi die finale Version. Die regelmäßige Aussage a la ""kein individueller Support bei ""instabilen"" Betaversionen"" wirkt hier nur wie eine Schutzbehauptung"", offensichtlich liegt hier ja ein grundlegendes Problem vor...",2026-05-02T20:21:06,True,Performance & stability,negative,"App seit Monaten in Android-Beta nicht nutzbar, Updates beheben Problem nicht.",Support und Kompatibilität für Android-Beta-Versionen verbessern.,high,substantive
lidl-plus,Nikolai Kordzik,1,,Zum zweiten Mal konnte ich die App nicht scannen. Meine Rabattpreise nicht einlösen. Außerdem sind die Waren teils verschimmelt (Tomaten) gewesen. Der Boden im Leergutbereich klebrig und dreckig. Märkte in Velbert und Heiligenhaus.,2026-05-02T17:08:24,True,Coupons & discounts,negative,App-Scan funktionierte nicht und Rabattpreise konnten nicht eingelöst werden.,,high,substantive
lidl-plus,M H,1,,"Heute schon wieder eine negative Erfahrung gemacht: ich hatte einen gratis Coupon für ein Bauernbaguette ab 10 € Einkaufswert. Ich hatte diesen vor dem Kasssenvorgang schon berechnet: 10,12 €. Natürlich wurde der gratis Artikel berechnet. Ich habe das dann gleich reklamiert, App gezeigt-es wurden noch zwei Kollegen hinzugezogen. Insgesamt hat das fast 5 Minuten gedauert, habe das Geld ausbezahlt bekommen - habe meinen Bus deswegen verpasst und die Schlange war übrigens lang. Kein LIDL mehr!",2026-05-02T14:27:26,True,Coupons & discounts,negative,Gratis-Coupon wurde an der Kasse trotz Erfüllung des Mindesteinkaufswerts nicht eingelöst.,Zuverlässige automatische Coupon-Einlösung an der Kasse sicherstellen.,medium,substantive
lidl-plus,Manuela Horn,1,,leider wird mir der QR-Code von meiner Lidl Karte nicht angezeigt,2026-05-02T14:10:39,True,Loyalty program mechanics,negative,QR-Code der Lidl-Karte wird in der App nicht angezeigt.,,high,substantive
lidl-plus,ka pa,1,,Lässt sich nicht herunterladen,2026-05-02T13:07:13,True,Performance & stability,negative,App lässt sich nicht herunterladen.,,high,insufficient
lidl-plus,Andre Oestreich,5,,"Die Lidl Plus App ist einer der besten Apps, die ich derzeit nutze. Unser Markt hat Scan & Go, so dass ich meine Einkäufe direkt erfassen kann. Um das Einkaufen noch einfacher zu machen, habe ich folgende Wünsche: - zahlen direkt in der App, ohne ans Terminal zu müssen - Einkaufsliste mit Bring! verknüpfen. Die haben eine Api. Wäre super, NUR eine App nutzen zu müssen Weiter so!",2026-05-02T12:54:28,True,Payment & checkout,positive,,In-App-Bezahlung ohne Terminal und Einkaufslisten-Verknüpfung mit Bring! per API.,low,substantive
lidl-plus,Sandra L.,5,,Aktuell nichts zu beanstanden. Läuft flüssig.,2026-05-02T12:27:47,True,Performance & stability,positive,,,low,insufficient
lidl-plus,Sascha Schwentker,1,,"Eine Registrierung ohne Mobilfunknummer ist nicht möglich. Meine Nummer ist von Aldi Talk und ich bekomme die Bestätigungs SMS nicht (ca. 10x versucht). Daher ist die App für mich Nutzlos und ich werde nicht bei Lidl einkaufen gehen. Pech, andere Discounter haben da deutlich bessere Apps und werden dann auch mein Geld bekommen.",2026-05-02T11:11:59,True,Onboarding & registration,negative,"Registrierung ohne SMS-Bestätigung unmöglich, Aldi-Talk-Nummern erhalten keine SMS.",Registrierung ohne Mobilfunknummer oder mit alternativen Bestätigungsmethoden ermöglichen.,high,substantive
lidl-plus,Thorsten Ring,5,,Habe bisher einiges an Geld gespart. Eine Übersichtliche App,2026-05-02T10:34:24,True,Coupons & discounts,positive,,,low,insufficient
lidl-plus,Daniel Resimic,3,,Ansich taugt die app. Wäre nur schön wenn man diese auch mal aktuell auf die Android 17 Version (beta) zum laufen Bekommen könnte. Gibt's dafür kein beta Programm?,2026-05-02T10:13:19,True,Performance & stability,neutral,App läuft nicht auf Android 17 Beta.,Beta-Programm für Android-Vorabversionen einführen.,medium,substantive
lidl-plus,Johannes Josef Derjoszcal,2,,Mittlerweile leider nicht mehr so funktional und die Coupons auch nicht mehr so attraktiv... schlimmster Minuspunkt ist die gigantische Größe: über 650 MB!!!!!! :-((( echt jetzt?,2026-05-01T23:55:48,True,Performance & stability,negative,App ist über 650 MB groß und Coupons werden weniger attraktiv.,App-Größe deutlich reduzieren.,medium,substantive
lidl-plus,Michael Hempel,1,,"Leider unbrauchbar. Wenn ich versuche ein Land auszuwählen kommt, ich hätte keine Internetverbindung. Die Website von Lidl erreiche ich allerdings zum gleichen Zeitpunkt vom selben endgerät ..",2026-05-01T21:09:33,True,Performance & stability,negative,Bei Länderauswahl meldet App fehlende Internetverbindung trotz funktionierender Verbindung.,,high,substantive
lidl-plus,Ronny Bob (Ronbo),1,,Es ist einfach eine Frechheit das die Suchen Funktion in der quittung App entfernt wurde. Ich muss jetzt die letzten 5 Jahre durchsuchen um meine 5 Jahre Garantie für einen Akku geltend zu machen. Was für eine bodenlose Frechheit!,2026-05-01T20:54:50,True,Search & navigation,negative,"Die Suchfunktion in der Kassenbon-App wurde entfernt, was Garantieansprüche erschwert.",Suchfunktion für Kassenbons wieder einführen.,high,substantive
lidl-plus,Lautitia,1,,"mittlerweile gibt es fast nur noch gewinne/rabatte für lidl online und so gut wie gar keine rabattcoupons mehr für den stationären einkauf, die online rabatte braucht man vllt. einmal im jahr, die für den handel jedoch mehrmals die woche, daher kann man kaum noch gewinn, oder rabattsammler coupons einlösen! ... das ist äußerst frustrierend!",2026-05-01T13:44:26,True,Coupons & discounts,negative,Es gibt fast nur noch Online-Rabatte statt Coupons für den stationären Einkauf.,Mehr Rabattcoupons für den stationären Einkauf anbieten.,medium,substantive
lidl-plus,Sami,1,,"Datenkrake, du bekommst nichts geschenkt.",2026-05-01T09:58:27,True,Privacy & data concerns,negative,Nutzer empfindet die App als Datenkrake ohne echten Mehrwert.,,medium,insufficient
lidl-plus,Uwe Schallenberg,1,,"Vorsicht gläserner Kunde! = Unzumutbare Datenerhebung. Die App wurde heftig verschlimmbessert, ich hätte diese IT-Murxer folglich als ""unfähig & Betriebsschädlich"" sofort gefeuert. Es besteht kein Grund diese App zu installieren. Die Ausreden hier in den Supportantworten nerven nur noch, kommt wie pure Veralberung an. Fazit: App Delete4ever! Das war's für den so irre empfundenen Murx-Laden bei uns!",2026-05-01T05:53:03,True,Privacy & data concerns,negative,Übermäßige Datenerhebung und schlechte App-Updates verärgern den Nutzer.,Datenerhebung reduzieren und App-Qualität verbessern.,medium,insufficient
lidl-plus,Buntwolke,3,,"Ich habe meine meine Adresse jetzt fünfmal eingegeben und die App speichert sie noch immer nicht. Die Coupons werden nicht automatisch aktiviert. Bei bestimmten Coupons miss man sich sogar ein Meal zusammenstellen, als hätte man nichts besseres zu tun. Mein letzter Einkauf ist zwar in der App mit Kassenbeleg hinterlegt, aber er wurde nicht zum Rabattsammler dazugezählt. Die sollte unbedingt verbessert werden, damit sie wirklich funktioniert und irgendwo auch ""ohne Zweifel"" nutzbringend ist.",2026-05-01T05:06:20,True,Coupons & discounts,negative,"Adresse wird nicht gespeichert, Coupons nicht automatisch aktiviert, Einkauf nicht beim Rabattsammler gezählt.",Automatische Coupon-Aktivierung und korrekte Erfassung der Einkäufe.,high,substantive
lidl-plus,Mein Geheimnis,1,,Kundenservice 6 setzen,2026-04-30T18:52:28,False,Other / unclear,negative,Kundenservice wird als sehr schlecht bewertet.,,low,insufficient
lidl-plus,Ute Sch.,5,,"Ich würde die App auch gerne in Frankreich nutzen. Funktioniert aber leider nicht. Warum? ich komme auch über den App Store nicht an die französische Variante ran. Sehr schade. Danke für die Lösung! Klappt super, ich bin begeistert!",2026-04-30T17:12:14,True,Onboarding & registration,positive,,Länderübergreifende Nutzung der App (z. B. in Frankreich) ermöglichen.,low,substantive
lidl-plus,Michael Plasa,1,,"Ich kann mich leider nur meinen Vorredner anschließen: früher war die App top. Wenn man Geräte gekauft hat, konnte man beim Defekt den Kassenbon raus suchen und den Service kontaktieren. Ist das vielleicht deswegen abgeschaltet worden??? Komisch und traurig 😢 Zusätzliche konnte man auch auf den Kassenzettel verzichten, Thema Nachhaltigkeit, das kann man aus diesem Grund auch nicht, schade.",2026-04-30T17:00:01,True,Search & navigation,negative,"Kassenbon-Funktion zur Garantieabwicklung wurde abgeschaltet, kein digitaler Beleg mehr möglich.",Kassenbon-Funktion und Verzicht auf Papierbeleg wieder einführen.,high,substantive
lidl-plus,Lukas A.,5,,"Super app, digitaler Pfandbon ist super :)",2026-04-30T16:55:04,True,Loyalty program mechanics,positive,,,low,substantive
lidl-plus,Schnitzel,1,,Wenn man schon die Nutzer dazu nötigt ihre Handynummer anzugeben dann sollte man auch dafür sorgen dass die SMS ankommen,2026-04-30T16:29:42,True,Authentication & login,negative,SMS zur Verifizierung der Handynummer kommt nicht an.,Zuverlässigen SMS-Versand für Telefonnummer-Verifizierung sicherstellen.,high,substantive
lidl-plus,Andreas Berger,5,,"Klasse app,hab viel gespart und Kundenservice sehr hilfsbereit.👍",2026-04-30T15:16:45,True,Coupons & discounts,positive,,,low,insufficient
lidl-plus,Irene Pioch,5,,Super,2026-04-30T15:08:39,True,Other / unclear,positive,,,low,insufficient
lidl-plus,Siggi K.,5,,"Total nette Mitarbeiter in meiner Lieblingsfiliale, große Auswahl und die App läuft gut! Gratis Artikel als Belohnung für meinen Einkauf sind nett gemeint 🙂 Onlineshopping: Bestellungen kommen zügig und zuverlässig!",2026-04-30T14:22:33,True,In-store experience,positive,,,low,substantive
lidl-plus,Jens Knauber,1,,Schlimmste App ever. Ich dachte nach der schlimmen AOK App geht es nicht schlimmer. Oh doch es geht schlimmer. Danke Lidl für die unnütze App im Onlineshop. Keine Zahlungsinformationen werden vorgegeben. Man will online die Rechnung bezahlen und nix passiert. Mit KI gechattet und nur dumme Aussagen der LIDL KI. Ich hoffe ich bekomme die eine Lieferung mit Bezahlung meinerseits und danach wird diese App gelöscht.,2026-04-30T14:06:06,True,Payment & checkout,negative,Online-Rechnungsbezahlung funktioniert nicht und KI-Chat liefert keine hilfreichen Antworten.,Zahlungsfunktion im Onlineshop reparieren und sinnvollen Kundensupport bieten.,high,substantive
lidl-plus,Bernd Machler,1,,Läuft immer noch nicht mit Android 17. PROBLEM : Erkennt keine bestehende Internet-Verbindung.,2026-04-30T12:57:09,True,Performance & stability,negative,App erkennt unter Android keine bestehende Internetverbindung.,Kompatibilität mit aktuellen Android-Versionen herstellen.,high,substantive
lidl-plus,David K.,1,,"An die Programmierer: Wenn ihr die Landes-Zugehörigkeit über die +49 abfragt muss die Telefonnummer ohne 0 beginnen. Nur:dann klappt euer SMS Versand nicht. Komplett unübersichtlich, hässlich, nichtmal Angebote der Woche prominent platziert sondern nur Prospekt hochgeladen. Lasst doch mal einen Praktikanten ein Konkurrenz-Produkt ausprobieren. Das ist eine Zumutung.",2026-04-30T12:32:43,True,Authentication & login,negative,"Telefonnummer-Format mit Ländervorwahl funktioniert nicht, SMS-Versand schlägt fehl.",Telefonnummern-Eingabe korrigieren und Wochenangebote prominenter darstellen.,high,substantive
lidl-plus,Roland Ju.,4,,Soweit bin ich mit der App zufrieden. Schade das die App nicht als Altersnachweis gilt. Bei der Selbstbedienungskassa muss ich wenn zb. eine Flasche Wein dabei ist erst wieder auf einen Mitarbeiter warten der diese Freigabe erteilt. Somit ist dies Kassa für mich Sinnlos.,2026-04-30T12:09:40,True,In-store experience,neutral,App gilt nicht als Altersnachweis an der Selbstbedienungskasse.,App als digitalen Altersnachweis an der SB-Kasse akzeptieren.,medium,substantive
lidl-plus,L Capone,5,,"So eine fehlerhafte App habe ich schon lange nicht mehr gesehen. Zuerst akzeptiert er das Kundenkonto nicht. Nach De- und Neuinstallation und Zurücksetzen des Passwortes (ohne Änderung) gelingt endlich die Anmeldung, dann muss aber das Konto ergänzt werden. Die Verifizierung der Handynummer scheitert daran, dass keine SMS versendet wird. Beim Zurückblättern ist die dt. Ländervorwahl verschwunden und ich bin Amerikaner. Angezeigt wurde die Nummer richtig. Ich komme jetzt also nicht mehr weiter.",2026-04-30T07:20:22,True,Authentication & login,negative,"Anmeldung scheitert mehrfach, SMS-Verifizierung schlägt fehl, Ländervorwahl verschwindet.",Login- und Verifizierungsprozess stabilisieren.,high,substantive
lidl-plus,Marija Kozeluha,5,,Super ponuda cisto i sregeno Puno hvala LG marija,2026-04-29T21:52:55,True,Other / unclear,positive,,,low,insufficient
lidl-plus,Jörg Runge,1,,"Rabatte schön und gut, nur ärgerlich wenn sie an der Kasse nicht abgezogen werden, obwohl sie aktiviert wurden, jetzt schon mehrmals vorgekommen. Teilweise sind sie auch nicht vorhanden, anscheinend nur Lockangebote. Traurig bisher hat sich nichts verbessert. Anscheinend steckt Absicht dahinter. An der Kasse werden oft falsche Preise abgezogen, also kontrolliert eure Einkauftszettel.",2026-04-29T20:18:55,True,Coupons & discounts,negative,"Aktivierte Rabatte werden an der Kasse nicht abgezogen, falsche Preise berechnet.",Korrekte Übertragung der aktivierten Coupons an die Kasse sicherstellen.,high,substantive
lidl-plus,Oliver Simon,4,,Funktioniert auch unter Graphene OS,2026-04-29T16:02:30,True,Performance & stability,positive,,,low,substantive
lidl-plus,Gabriella John,1,,Kann keine Einkaufsliste erstellen.,2026-04-29T15:42:02,True,Shopping list features,negative,Erstellen einer Einkaufsliste in der App funktioniert nicht.,Funktion zum Erstellen einer Einkaufsliste bereitstellen bzw. reparieren.,high,substantive
lidl-plus,Franz Hoelzl,1,,Fehler: kein Internet,2026-04-29T15:07:48,True,Performance & stability,negative,App meldet ständig 'kein Internet' trotz Verbindung.,,high,insufficient
lidl-plus,Cornelia Wiebach,1,,ich kann mich nicht mehr einloggen und es wird keine SMS oder E Mail zum Zurücksetzen des Passworts verschickt.,2026-04-29T12:06:07,True,Authentication & login,negative,Login nicht möglich und keine SMS/E-Mail zum Passwort-Reset wird verschickt.,,high,substantive
lidl-plus,Nicolai Daheim,1,,"Leider noch immer grundlegende Funktionen mit Android Beta nicht möglich. ich möchte nicht wissen welche Funktionen für Tracking oder sonstige Wiedererkennung vorigen werden, denn keine andere App macht diese Probleme. selbst Banken App die früher Mal schwierig waren laufen seit einigen Jahren auf Android Pixel Betas problemlos.",2026-04-29T08:07:33,True,Performance & stability,negative,"Grundfunktionen laufen nicht auf Android Beta, andere Apps schon.",Kompatibilität mit Android-Beta-Versionen sicherstellen.,high,substantive
lidl-plus,Klaus Gnarp,1,,LIDL App wurde jetzt zum Zeitmonster geändert. Schlechter geht immer. Bravo!,2026-04-29T07:40:06,True,Performance & stability,negative,App ist nach Update langsam und zeitraubend geworden.,,medium,insufficient
lidl-plus,Yo LeMat,1,,"Nach über 20 Versuchen, einen Code für die Freischaltung zu kriegen, habe ich aufgegeben. Die App ist ohne Anmeldung,total nutzlos. Ich habe erfahren,ich bin nicht der einzige, in meinem Bekanntenkreis, der sich nicht anmelden kann. Rabatt-Artikel sind in meiner Filiale, erst nach Ende der Rabatt-Aktion, im Laden erhältlich. Es ist NICHT möglich sich mit den Einwahldaten anzumelden. Nur mit der Telefonnummer. Anmeldung ist unterwegs trotzdem nicht möglich.",2026-04-28T21:55:04,True,Authentication & login,negative,Bestätigungscode zur Freischaltung kommt trotz vieler Versuche nicht an.,Anmeldung auch ohne Telefonnummer ermöglichen.,high,substantive
lidl-plus,D F,1,,"App kann nach dem letzten Update nicht mehr genutzt werden , ein einloggen ist nicht möglich . Da klingt der Satz ,dass durch das Update das Einkaufserlebnis verbessert wurde ,wie glatter Hohn . Sei's drum ,eine App weniger auf dem Handy .",2026-04-28T21:53:08,True,Authentication & login,negative,Nach letztem Update ist Einloggen nicht mehr möglich.,,high,substantive
lidl-plus,Patrick „Chillerillo“,5,,Ich liebe Lidl und die Produkte die er anbietet und verkauft leider gibt es direkt in Himberg noch keinen Lidl was ich sehr schade finde,2026-04-28T16:08:01,False,Store finder & maps,neutral,In Himberg gibt es keine Lidl-Filiale.,Neue Filiale in Himberg eröffnen.,low,substantive
lidl-plus,Eric Pingitore,1,,Leider Hausverbot bekommen weil es Probleme mit der App gab. Ich hatte kurzzeitig 2 von 6 Kassen belegt weil es ein technisches Problem gab. Obwohl alle anderen Kassen frei waren gab es Ärger.,2026-04-28T15:52:26,True,In-store experience,negative,Technisches Problem der App führte zu Ärger an der Kasse und Hausverbot.,,high,substantive
lidl-plus,Anonymos,1,,"Kein Dunkles Design verfügbar. Unübersichtlich. Und wozu die Updates, die Nerven, wenn ihr doch nix verändert.. Und warum antwortet euer support auf Englisch wenn ihr deutsch seid???",2026-04-28T09:05:32,True,"Other app features (themes, accessibility, customization)",negative,"Kein Dark Mode, unübersichtliche Oberfläche, Support antwortet auf Englisch.",Dunkles Design einführen und deutschsprachigen Support sicherstellen.,medium,substantive
lidl-plus,Anja,2,,"Angebote haben leider sehr stark abgenommen, stattdessen gibt es nun mehr Coupons mit Prozenten - i. d. R. passt das nicht zu meinen Einkäufen. Gibt es dann doch mal einen Gratis-Artikel, ist er oft vergriffen",2026-04-27T23:38:43,True,Coupons & discounts,negative,"Angebote sind weniger geworden, Coupons passen nicht zum Einkauf, Gratisartikel oft vergriffen.",Personalisiertere Coupons und mehr klassische Angebote.,medium,substantive
lidl-plus,seven nejgum,1,,"ich bekomme leider einfach keinen Bestätigungscode per SMS. ich habs in der Filiale selbst versucht, dachte dann ich habe kein Empfang und habs dann daheim nochmal versucht. Insgesamt auch mit drei verschiedenen Telefonnummern (aus Deutschland und Österreich) und es hat einfach nichts funktioniert. die Mitarbeiterin die ich in der Filiale angesprochen habe, hat mir leider auch nicht weiter helfen können. anmelden mit dem Konto eines Freundes hat bei mir in der App ebenfalls nicht funktioniert 😒",2026-04-27T21:50:57,True,Authentication & login,negative,"Kein Bestätigungscode per SMS, auch mit mehreren Nummern nicht.",Alternative Verifizierungsmethoden anbieten.,high,substantive
lidl-plus,giseladi,5,,Man kann gut einkaufen,2026-04-27T20:00:10,True,Other / unclear,positive,,,low,insufficient
lidl-plus,Maik Hetmank,4,,"So, Pfand funktioniert, Scan&Go in der Filiale mit Handy auch schick. Frage, gibt es mal den Gedanken, das Sortiment zu implementieren? Z.B hatte ich vor getaumer Zeit ein Müsli gekauft, welches es jetzt nicht mehr gibt. So könnte man sehen, ob es einfach gerade nicht vorrätig ist, oder momentan gar nicht im Sortiment.",2026-04-27T19:07:25,True,Search & navigation,positive,,"Sortimentsübersicht in die App integrieren, um Verfügbarkeit von Produkten zu sehen.",low,substantive
lidl-plus,Matthias Ritter,5,,Super,2026-04-27T17:00:24,True,Other / unclear,positive,,,low,insufficient
lidl-plus,Franz Rethmeyer,5,,Sehr gutes Angebot und super Qualität für alle Kunden.,2026-04-27T15:21:37,False,Other / unclear,positive,,,low,insufficient
lidl-plus,Marcus Bartsch,2,,"Keine Funktion unter Android 17 QPR1 Beta 1. Immer noch nicht A17 tauglich, kurz vorm Release.... Danke für die Antwort, war schon klar. Trotzdem habe ich Hoffnung, das die App A17 fähig wird. Das offiziellen Release steht quasi vor der Tür. Da kann man langsam mal anfangen..😃. Wird wirklich Zeit",2026-04-27T14:47:02,True,Performance & stability,negative,App funktioniert nicht unter Android 17 QPR1 Beta.,Kompatibilität mit Android 17 sicherstellen.,high,substantive
lidl-plus,Tammo Bahn,1,,funktioniert nicht in der neusten android 17 beta. es kommt nur noch keine Internetverbindung,2026-04-27T14:01:59,True,Performance & stability,negative,In Android 17 Beta erscheint nur noch Fehlermeldung 'keine Internetverbindung'.,Android 17 Kompatibilität herstellen.,high,substantive
lidl-plus,Cyb,2,,"++ THIS APP IS A DEADLY LASER ++ Wie kann es sein, dass es keinen Darkmode gibt??? Die App brennt mir wirklich jedes mal die Augen weg... Jedes Mal...",2026-04-27T13:36:32,True,"Other app features (themes, accessibility, customization)",negative,"Es fehlt ein Darkmode, die helle Oberfläche blendet stark.",Darkmode hinzufügen.,medium,substantive
rewe,Uwe Schlichting,3,,die App funktioniert nicht mehr es war einmal eine gute App schade drum.🤔,2024-08-07T21:12:37,True,Performance & stability,negative,App funktioniert nicht mehr.,,high,insufficient
rewe,Hummel hirte (Hummelhirte),1,,"App meldet ständig, das ich offline bin. Das ist aber Blödsinn! Sonst könnte ich diese Bewertung gar nicht reinstellen.",2021-09-30T09:47:24,True,Performance & stability,negative,"App meldet fälschlicherweise, dass man offline sei.",,high,substantive
rewe,M. H.,1,,App sagt immer sie ist online wie hier andere auch berichten. Komisch da Aldi netto und ko Apps einwandfrei Funktionieren,2021-02-07T22:47:54,True,Performance & stability,negative,"App meldet ständig offline, andere Apps funktionieren einwandfrei.",,high,substantive
rewe,Christian Seidl,1,,"Veraltete App. Sucht besser die neue REWE App. Tipp. Im Symbol der neuen App steht ""REWE Dein Markt""",2020-08-02T22:23:52,True,Other / unclear,negative,"App ist veraltet, es gibt eine neuere Version.",,low,substantive
rewe,Birgit Schank,1,,Bekomme die Nachricht das ich kein WLAN habe,2020-08-01T02:22:12,True,Performance & stability,negative,"App meldet fehlendes WLAN, obwohl Verbindung besteht.",,high,substantive
rewe,Ein Google-Nutzer,1,,die App sollte endlich aus dem Store genommen werden. es gibt mittlerweile wohl eine andere. Nerv,2019-06-21T23:00:12,True,Other / unclear,negative,Veraltete App sollte aus dem Store entfernt werden.,,low,insufficient
rewe,Ein Google-Nutzer,1,,"Leider kann ich diese App nicht nutzen, da immer nur die Meldung erscheint, ich wäre Offline und solle Internet aktivieren. Es werden weder WLAN noch mobile Daten erkannt (Samsung S9).",2018-11-05T00:22:56,True,Performance & stability,negative,App erkennt weder WLAN noch mobile Daten auf Samsung S9.,,high,substantive
rewe,Ein Google-Nutzer,1,,"APP meldet immer, das ich offline bin, obwohl ich eine Internetverbindung habe. Andere APP's funktionieren",2018-03-10T22:12:38,True,Performance & stability,negative,App meldet offline trotz bestehender Internetverbindung.,,high,substantive
rewe,Ein Google-Nutzer,1,,"Habe die App auf meinem Handy (bestes Modell) installiert kann sie aber nicht benutzen, da angeblich keine Internetverbindung/Wlan verfügbar ist. Alle anderen Apps die ich habe funktionieren! Auch nach deinstallieren und wieder installieren klappt nichts. Bin genervt und habe die App nun wieder vom Handy runter geschmissen. Geht gar nicht.",2018-02-21T18:09:45,True,Performance & stability,negative,"App nutzbar nicht, da angeblich keine Internetverbindung erkannt wird.",,high,substantive
rewe,Ein Google-Nutzer,1,,"App meint, sie wäre offline - funktioniert nicht",2018-02-08T09:09:29,True,Performance & stability,negative,App meldet offline und funktioniert nicht.,,high,substantive
rewe,Ein Google-Nutzer,1,,"Mist-app meldet nach dem Start, dass ich offline bin, dabei bin ich aber online. Minus 5 Sterne",2017-11-09T23:16:52,True,Performance & stability,negative,App meldet offline trotz bestehender Internetverbindung.,,high,substantive
rewe,Ein Google-Nutzer,1,,Laut App bin ich ständig offline.,2017-08-27T22:21:24,True,Performance & stability,negative,App meldet ständig offline.,,high,substantive
rewe,Ein Google-Nutzer,4,,Wo sind die kommenden Angebote? Bisher ist die App nur eine Einkaufsliste extra für Rewe.  Habe mir da eigentlich mehr erhofft.  Schade eigentlich...,2017-02-04T19:09:29,True,Coupons & discounts,negative,"Kommende Angebote werden nicht angezeigt, App nur Einkaufsliste.",Anzeige kommender Angebote in der App.,medium,substantive
rewe,Ein Google-Nutzer,1,,Die App zeigt immer noch die Angebote der letzten Woche an obwohl schon Montagmittag ist.,2016-07-11T12:43:11,True,Coupons & discounts,negative,App zeigt am Montagmittag noch Angebote der Vorwoche.,Angebote schneller bzw. rechtzeitig aktualisieren.,medium,substantive
rewe,Ein Google-Nutzer,5,,Genial Super habe viel Spaß..,2016-07-06T10:39:39,True,Other / unclear,positive,,,low,insufficient
rewe,Ein Google-Nutzer,3,,"Leider sehe ich nicht mehr alle Märkte auf  der Karte nach dem Update mehr. Nur einen denn  ich auswähle. Sinnlos in Orten wo ich keine Straße kenne. Vorher konnte ich anhand meines Standort auswählen welcher Markt  für mich am besten zu erreichen ist. Bitte wieder alle Märkte anzeigen sowie den eigenen Aktuellen Standort. Daher derzeit nur noch 1 Stern,  ändert sich aber wieder wenn die Funktion wieder geht.                                                                    ------------------------------------------------------------------------------------------------------------------------------Vielen dank für die schnelle Antwort. Die Funktion ""alle Märkte auf der Karte"" war einfach super. Jetzt muß man sich im Zielgebiet auskennen da nicht jeder die Örtlichkeiten, Sprich die Strassen kennt. Wäre schön wenn es wieder Aktiviert wird",2016-03-12T12:42:55,True,Store finder & maps,negative,Nach Update werden nicht mehr alle Märkte auf der Karte angezeigt.,Alle Märkte und eigenen Standort wieder auf der Karte anzeigen.,medium,substantive
rewe,Ein Google-Nutzer,3,,"Barcodescan zoomt nicht scharf, wie man nach Hause liefern lassen kann unklar, ma warten ob APP noch besser wird.",2016-03-01T01:11:42,True,Online shop & ordering integration,neutral,Barcodescan unscharf und Lieferoption unklar.,Klarere Lieferoption und besserer Barcodescan.,medium,substantive
rewe,Ein Google-Nutzer,1,,"Wurde durch mehrere Artikel aufmerksam, die voll des Lobes waren. Da Rewe unser bevorzugter Discounter ist, die optimale Lösung. Pustekuchen......was soll man mit einer App, nur mit Angeboten des Marktes, die man in eine Einkaufsliste verschieben kann? Die noch dazu nicht aktuell sind (mein Briefkasten wird am Samstag mit den Prospekten versorgt), die App aktuallisiet erst Montagabend oder garnicht. Das komplette Sortiment wäre angebracht oder die Möglichkeit Produkte einzuscannen und abzuspeichern. Dafür gibt es andere Apps! Einkaufen geht nicht weil die ausgesuchten Märkte in unserer Nähe dieses Angebot nicht haben. Gerade in ländlichen Gegenden, wie bei uns, wäre so etwas von Vorteil. Gerade für Ältere, die nicht so mobil sind oder Leute die keinen Führerschein haben. Ich hätte mich gefreut von unterwegs eine Bestellung aufzugeben und bei Ankunft die Sachen entgegenzunehmen oder in der Garage vorzufinden. Idee klasse, Ausführung mangelhaft. Da bleibe ich bei meinem altbewehrten Einkaufszettel und kaufe vor Ort ein.",2016-02-29T20:33:40,True,Online shop & ordering integration,negative,"App bietet nur veraltete Marktangebote, kein vollständiges Sortiment und keine Lieferung in ländlichen Gebieten.","Komplettes Sortiment scannen und bestellen, mit Lieferung oder Abholung auch in ländlichen Regionen.",high,substantive
rewe,Ein Google-Nutzer,1,,Ist es denn wirklich so schwer das gesamte Sortiment anzuzeigen?,2016-02-28T14:34:53,True,Search & navigation,negative,Nicht das gesamte Sortiment wird angezeigt.,Gesamtes Sortiment in der App anzeigen.,medium,substantive
rewe,Ein Google-Nutzer,5,,Macht Lust auf mehr (shopping Funktionen),2016-02-27T17:42:23,True,Online shop & ordering integration,positive,,Mehr Shopping-Funktionen in der App.,low,insufficient
rewe,Ein Google-Nutzer,4,,Bitte den lieferservice mal in die app hinzufügen  das wäre  cool,2016-02-26T16:57:57,True,Online shop & ordering integration,positive,,Lieferservice in die App integrieren.,low,substantive
rewe,Ein Google-Nutzer,5,,Super,2016-02-24T19:56:53,True,Other / unclear,positive,,,low,insufficient
rewe,Ein Google-Nutzer,4,,"ich habe einen Verbesserungsvorschlag: an sich kann man zwar seinen Warenkorb preislich schnell überschlagen, wenn die App das dann jedoch schon macht, gibt es fünf Sterne!",2016-02-23T21:50:08,True,Shopping list features,positive,,Automatische Berechnung der Warenkorbsumme in der Einkaufsliste.,low,substantive
rewe,Ein Google-Nutzer,2,,"Bisher war ich immer sehr begeistert von der APP. Scheinbar wurde die Software aktualisiert, denn mein Handy öffnet die Rewe APP nicht mehr. Bitte beheben.",2016-02-23T12:49:34,True,Performance & stability,negative,App lässt sich nach Update nicht mehr öffnen.,,high,substantive
rewe,Ein Google-Nutzer,1,,Lässt sich einfach nicht öffnen und beendet sich automatisch,2016-02-21T07:50:47,True,Performance & stability,negative,App stürzt direkt nach dem Öffnen ab.,,high,substantive
rewe,Ein Google-Nutzer,4,,Barcode Scanner  funktioniert jetzt endlich!,2016-02-18T22:58:39,True,Performance & stability,positive,,,low,substantive
rewe,Ein Google-Nutzer,5,,Tolle Idee,2016-02-17T13:33:03,True,Other / unclear,positive,,,low,insufficient
rewe,Ein Google-Nutzer,5,,"Die App läuft flüssig, die Einkaufszettel-Funktion ist total praktisch und die Rezepe sind echt gut. Die App macht echt Spaß!",2016-02-17T01:25:51,True,Shopping list features,positive,,,low,substantive
rewe,Ein Google-Nutzer,4,,Die App ist sinnvoll aufgebaut und informiert über  alle aktuellen  Angebote  meines Markts. Leider werden die aktuellen  Angebote  immer erst am Montag Abend aktualisiert.,2016-02-16T15:51:45,True,Coupons & discounts,neutral,Aktuelle Angebote werden erst Montagabend aktualisiert.,Angebote früher in der App bereitstellen.,medium,substantive
rewe,Ein Google-Nutzer,4,,"Erhalte immer die neuen Rewe Angebote, das ist wunderbar. Frau Roth",2016-02-16T07:43:37,True,Coupons & discounts,positive,,,low,insufficient
rewe,Ein Google-Nutzer,1,,"Die Filiale kann ich auswählen, mehr aber auch nicht. Angebote bekomme ich keine angezeigt, daran haben auch die letzten updates nichts geändert. Stellt sich mir als Kunde wirklich die Frage, wofür ich diese Anhäufung von Bits installieren soll? Einen Nutzen habe ich jedenfalls nicht davon...",2016-02-16T00:12:04,True,Coupons & discounts,negative,Es werden keine Angebote in der App angezeigt.,,high,substantive
rewe,Ein Google-Nutzer,5,,Top,2016-02-15T22:45:50,True,Other / unclear,positive,,,low,insufficient
rewe,Ein Google-Nutzer,5,,Barcodescanner funktioniert nicht auf einem Galaxy S6 Update: seit 15.02. Geht endlich alles.  Saubere Arbeit.,2016-02-15T21:39:25,True,Performance & stability,positive,,,low,substantive
rewe,Ein Google-Nutzer,3,,Aber die Angebote der folgenden Woche bekomme ich als Prospekt schon am Samstag. In der App könnte es also schon lange vor Sonntag sein.,2016-02-15T19:55:50,True,Coupons & discounts,neutral,Angebote der Folgewoche erscheinen in der App später als im Prospekt.,Angebote bereits ab Samstag in der App anzeigen.,medium,substantive
rewe,Ein Google-Nutzer,2,,"Ich kann leider nicht bestätigen, dass die Angebote immer aktuell sind. Es wird zwar das aktuelle Datum angezeigt, jedoch mit dem Angeboten von letzter Woche. Nur wer somit die Angebote genau kennt, kann sich auf die richtigen Angebote verlassen. Ziemlich unerlässlich. Handelt sich hierbei um ein kurzfristig Problem?",2016-02-15T08:39:02,True,Coupons & discounts,negative,"Angezeigte Angebote sind veraltet, obwohl das aktuelle Datum erscheint.",,medium,substantive
rewe,Ein Google-Nutzer,3,,"Eine gute App, aber die Angebote für die kommende Woche sind spät aufgespielt. Auf der Homepage schon lange sichtbar. Die App hinkt hinterher. Nachtrag :Auch heute noch keine Aktuellen Angebote (ab heute gilt das neue Prospekt ) . Es fehlt auch ein Aktualisierungsbutton.",2016-02-15T07:49:45,True,Coupons & discounts,negative,Angebote für die neue Woche werden zu spät in die App eingespielt.,Aktualisierungsbutton für Angebote hinzufügen.,medium,substantive
rewe,Ein Google-Nutzer,3,,App soll sich ja Sonntags aktualisieren. Leider habe ich schon öfters feststellen müssen das sie genau das nicht tut. Daher nur 3 Sterne.,2016-02-15T04:31:51,True,Coupons & discounts,negative,Die sonntägliche Aktualisierung der Angebote funktioniert oft nicht.,,medium,substantive
rewe,Ein Google-Nutzer,2,,Hatte Eigentlich euren Lieferservice in der App erwartet,2016-02-15T02:40:21,True,Online shop & ordering integration,negative,Lieferservice fehlt in der App.,Lieferservice in die App integrieren.,medium,substantive
rewe,Ein Google-Nutzer,4,,Aber Angebote der kommenden Woche sind Sonntag Abend immer noch nicht aktualisiert. Wir haben es 21:18. im Internet sind sie dagegen schon online,2016-02-14T21:19:11,True,Coupons & discounts,neutral,Angebote der kommenden Woche sind Sonntagabend in der App noch nicht verfügbar.,Angebote zeitgleich mit der Website aktualisieren.,medium,substantive
rewe,Ein Google-Nutzer,3,,"Die Angebote werden leider oft nicht wie unten angegeben Sonntag aktualisiert,ansonsten top",2016-02-14T17:32:48,True,Coupons & discounts,neutral,Sonntägliche Angebotsaktualisierung erfolgt häufig nicht wie angekündigt.,,medium,substantive
rewe,Ein Google-Nutzer,3,,"daher Angebote selbst mit einer Lupe nicht zu lesen. Wer so eine App auf den Markt bringt,sollte ganz schnell den Job wechseln",2016-02-14T12:32:10,True,Coupons & discounts,negative,Angebote sind selbst mit Lupe nicht lesbar.,"Größere, besser lesbare Darstellung der Angebote.",medium,substantive
rewe,Ein Google-Nutzer,4,,"Angebot nicht verfügbar. Versuchen Sie es später.. Meldung REWE Märkte in Dortmund. Irgendwann stößt man auf: dieser Service ist aus technischen Gründen für Rewe-dortmund nicht verfügbar. Strukturwandel dauert.  Sehr gute App allerdings z.B zur Betreuung von Senioren auf dem flachen Lande, wo das komischer weise funktioniert. Schnell ist eine Liste treffsicher anhand der Bilder erstellt. Könnte diese jetzt noch dem Laden zugeschickt und die Ware geliefert werden, wäre die APP  Lebensqualität verbessernt.",2016-02-13T11:28:32,True,Coupons & discounts,neutral,Angebote für REWE-Märkte in Dortmund sind aus technischen Gründen nicht verfügbar.,Online-Bestellung mit Lieferung der Einkaufsliste an den Markt.,medium,substantive
rewe,Ein Google-Nutzer,4,,Izabella Balazs,2016-02-08T09:34:04,False,Other / unclear,neutral,,,low,insufficient
rewe,Ein Google-Nutzer,5,,Toll!,2016-02-06T13:27:45,True,Other / unclear,positive,,,low,insufficient
rewe,Ein Google-Nutzer,2,,Es fehlt die Summe der Einkausliste...,2016-02-03T18:08:16,True,Shopping list features,negative,Summe der Einkaufsliste fehlt.,Gesamtsumme der Einkaufsliste anzeigen.,medium,substantive
rewe,Ein Google-Nutzer,1,,Es werden keine Angebote angezeigt seit Wochen,2016-02-03T11:54:59,True,Coupons & discounts,negative,Seit Wochen werden keine Angebote angezeigt.,Angebote zuverlässig anzeigen.,high,substantive
rewe,Ein Google-Nutzer,5,,Besser Leben!!!,2016-02-02T23:20:56,False,Other / unclear,positive,,,low,insufficient
rewe,Ein Google-Nutzer,4,,Praktisch und hilfreich besonders in punkto Angebote .. kann ich nur empfehlen,2016-02-02T02:33:21,True,Coupons & discounts,positive,,,low,insufficient
rewe,Ein Google-Nutzer,3,,Heute ist Montag und immer noch die Angebote der letzten Woche!!!,2016-02-01T10:14:12,True,Coupons & discounts,negative,Am Montag werden noch die Angebote der Vorwoche angezeigt.,Angebote pünktlich zum Wochenstart aktualisieren.,medium,substantive
rewe,Ein Google-Nutzer,2,,Gute Idee. Nur werden leider die Angebote teilweise erst Mitte der Woche aktualisiert. Nach mehreren Hinweisen per Mail auf das Problem keine Veränderung. Schade...,2016-02-01T08:10:31,True,Coupons & discounts,negative,"Angebote werden erst Mitte der Woche aktualisiert, trotz Hinweisen keine Besserung.",Rechtzeitige Aktualisierung der Wochenangebote.,medium,substantive
rewe,Ein Google-Nutzer,1,,"Vergangene Woche gab es überhaupt keine aktuellen Angebote, sondern die der Vorwoche. Seit gestern sind nun wieder die Angebote der letzten Woche aktualisiert worden. Also hat die App für mich keinerlei Nutzen mehr!",2016-01-31T19:45:25,True,Coupons & discounts,negative,"Aktuelle Angebote fehlen, es werden nur alte der Vorwoche angezeigt.",Aktuelle Angebote zeitnah einpflegen.,high,substantive
rewe,Ein Google-Nutzer,2,,Oft sind die neuen Angebote erst Dienstags oder Mittwochs in der App verfügbar da kann ich lieber in die Zeitung schauen. Edit: Das neue auswählen des Marktes oder Cache löschen bringt auch nix. Und seit neusten kann man nicht mal mehr auf die Homepage meines Marktes um Angebote zu sehen da man dann auf die Facebook Seite von meinem REWE weitergeleitet wird.,2016-01-31T15:16:25,True,Coupons & discounts,negative,"Neue Angebote erst Dienstag/Mittwoch verfügbar, Marktseite leitet auf Facebook um.",Angebote rechtzeitig aktualisieren und direkte Marktseite statt Facebook-Weiterleitung.,medium,substantive
rewe,Ein Google-Nutzer,3,,"aber ich mag Apps nicht, die grundlos vorschreiben, daß sie nur im hochkant-Format nutzbar sind. Die Entscheidung, wie ich mein Smartphone halte, möchte ich gerne selber treffen.",2016-01-30T16:52:04,True,"Other app features (themes, accessibility, customization)",negative,App lässt sich nur im Hochformat nutzen.,Querformat-Unterstützung ermöglichen.,low,substantive
rewe,Ein Google-Nutzer,1,,"Anfangs war alles ok, aber seit Monaten sind die Angebote nicht aktuell teilweise sind  nicht mal am Dienstag die Angebote verfügbar, dabei ist das doch das wesentliche dieser App! P.s. in einer anderen Bewertung steht ein Beitrag vom 12.10. Nach dem diese Probleme schon fast behoben wären... Leider nein...  Update: Monate später die gleichen Probleme, die Angebote vom Rewe Dorotheenstraße sind nur alle Jubeljahre mal aktuell..",2016-01-30T12:30:35,True,Coupons & discounts,negative,"Angebote sind seit Monaten nicht aktuell, teils nicht mal dienstags verfügbar.","Zuverlässige, pünktliche Aktualisierung der Angebote.",high,substantive
rewe,Ein Google-Nutzer,2,,"Habe die App grad (26.01.) installiert - angezeigt werden mir die Angebote der letzten Woche... nicht wirklich zu gebrauchen, es sei denn, es dient dazu, mich mit verpassten Schnäppchen zu ärgern. Wäre die Anzeige aktuell, gäb's die volle Punktzahl.",2016-01-26T22:56:14,True,Coupons & discounts,negative,Nach Neuinstallation werden nur Angebote der Vorwoche angezeigt.,Tagesaktuelle Angebote anzeigen.,medium,substantive
rewe,Ein Google-Nutzer,1,,Trotz Neuinstallation noch immer die alte Woche - Gibt Probleme mit der App,2016-01-26T20:00:07,True,Performance & stability,negative,Trotz Neuinstallation werden nur veraltete Angebote angezeigt.,Angebote-Aktualisierungsproblem beheben.,high,substantive
rewe,Ein Google-Nutzer,2,,"Wenn die Angebote noch nicht mal am Dienstag drin sind, bringt die App leider nichts. Die Apps der Konkurrenz sind zwar nicht so schick, werden dafür aber sonntags aktualisiert.",2016-01-26T09:31:52,True,Coupons & discounts,negative,"Angebote sind nicht mal dienstags in der App, Konkurrenz aktualisiert sonntags.",Angebote bereits am Sonntag/Wochenstart bereitstellen.,medium,substantive
rewe,Ein Google-Nutzer,1,,Gerade neu geladen und wieder veraltete Angebote angezeigt bekommen....so macht das keinen spass und Kunden gehen....es ist Montag abend. ..wieder nur alte Angebote online. ...Schade. ...,2016-01-25T21:14:32,True,Coupons & discounts,negative,Auch montags abends werden nur veraltete Angebote angezeigt.,Rechtzeitige Aktualisierung der Angebote zum Wochenbeginn.,medium,substantive
rewe,Ein Google-Nutzer,2,,"Ich habe die App ne ganze Zeit lang gerne benutzt, aber seit einiger Zeit sind am Montag immer noch die Angebote der letzten Woche drin. Danke dass ich jetzt immer die Angebote verpasse!",2016-01-25T18:32:06,True,Coupons & discounts,negative,Montags werden immer noch die Angebote der Vorwoche angezeigt.,Angebote pünktlich zum Wochenstart aktualisieren.,medium,substantive
rewe,Ein Google-Nutzer,1,,Geht nicht,2016-01-25T15:27:08,True,Performance & stability,negative,App funktioniert nicht.,,high,insufficient
rewe,Ein Google-Nutzer,4,,"Im Großen und Ganzen ganz gut, aber bei mir werden ständig montags noch die Angebote der letzten Woche angezeigt, woran liegt das?",2016-01-25T10:18:07,True,Coupons & discounts,neutral,Montags werden noch die Angebote der Vorwoche statt der aktuellen angezeigt.,,medium,substantive
rewe,Ein Google-Nutzer,1,,Heute ist Montag der 25.01 und noch keine Aktualisierung REWE Center Enderstr. So nützt die App nicht's.,2016-01-25T09:45:59,True,Coupons & discounts,negative,Angebote des REWE Centers Enderstr. werden nicht rechtzeitig aktualisiert.,,medium,substantive
rewe,Ein Google-Nutzer,5,,"Bin super zufrieden mit der App. Sehr gut gestaltet, klar strukturiert ohne unnötigen Schnickschnack. Angebote sind übersichtlich untereinander aufgelistet und sind ganz einfach der Einkaufsliste hinzuzufügen. Alles lädt sehr schnell. Einkaufsliste manuell ergänzbar, per Handeingabe (auch mit Produktvorschlägen) oder per Barcode-Scanner. Spracheingabe wäre noch ganz cool, ansonsten eine der besten Einkaufs-Apps :)",2016-01-21T22:06:23,True,Search & navigation,positive,,Spracheingabe für die Einkaufsliste wäre wünschenswert.,low,substantive
rewe,Ein Google-Nutzer,4,,Warum gibt es bei Kaufda keine Rewe Prospekte mehr? Sicherlich nur damit sich jeder hier diese eigentlich nutzlose APP installiert. Macht jetzt jeder Supermarkt bald seine eigene APP?,2016-01-21T07:27:46,True,Other / unclear,negative,"REWE-Prospekte nicht mehr bei Kaufda verfügbar, App wird als unnötig empfunden.",,low,substantive
rewe,Ein Google-Nutzer,3,,"Ist der Lieferservice deutschlandweit in allen Märkten verfügbar?                             Ich wohne in einer mittelgroßen Stadt, in der man um jeder Ecke einen Rewe sieht (vier Stück an der Zahl).                                 Dennoch konnte ich in keiner der Fillialen den Eindruck bekommen, das diese einen Lieferservice anbieten.                                   Und (jetzt nur ein kleiner Spaß) es kam auch noch kein Mitarbeiter zu mir hin und sagte einfach mal ,,Hey, wie gehts?,,.",2016-01-18T09:54:59,True,Online shop & ordering integration,negative,Lieferservice ist in keiner der lokalen REWE-Filialen verfügbar.,Lieferservice flächendeckend in allen Märkten anbieten.,medium,substantive
rewe,Ein Google-Nutzer,3,,"REWE ist meine absolut erste Wahl, wenn ich einkaufen gehe und diese App ist geradezu ideal für mich: nie wieder ein Angebot verpassen und jedes Produkt kann kinderleicht in einer Einkaufsliste gespeichert werden, die dann auch offline abrufbar ist. Leider werden die Angebote aber nicht regelmäßig jeden Sonntag aktualisiert und es werden noch die von letzter Woche angezeigt, so kann ich meinen Einkauf nur wie früher durch das REWE-Prospekt planen. Etwas unzuverlässig!",2016-01-18T00:56:13,True,Coupons & discounts,neutral,"Angebote werden sonntags nicht zuverlässig aktualisiert, es erscheinen die der Vorwoche.",,medium,substantive
rewe,Ein Google-Nutzer,2,,"Dann gibt es auch 5 Punkte                      Nachtrag 6 Monate später :  Trotz ""wir arbeiten mit Hochdruck""  (an einer Integration) noch immer keine Lösung...... Was wiederum zeigt: Nicht jeder hohe Druck ist nützlich. ;-)😴",2016-01-17T20:20:15,True,Other / unclear,negative,Versprochene Integration ist auch nach 6 Monaten nicht umgesetzt.,,medium,insufficient
rewe,Ein Google-Nutzer,2,,"Keine Online-Bestellung möglich. Gut wäre ein Scanner, mit dem man Waren im Markt einscannen könnte um sie später online zu bestellen.",2016-01-14T22:20:06,True,Payment & checkout,negative,Keine Online-Bestellung über die App möglich.,"Scanner im Markt, um Waren später online zu bestellen.",medium,substantive
rewe,Ein Google-Nutzer,1,,"Wenn die App den aktuellen Prospekt anzeigen würde und nicht den von der Vorwoche, würde sie wenigsten das machen, wofür ich sie heruntergeladen habe!!!",2016-01-13T06:01:01,True,Coupons & discounts,negative,"App zeigt nicht den aktuellen Prospekt, sondern den der Vorwoche.",,high,substantive
rewe,Ein Google-Nutzer,1,,"Wie soll das funktionieren,, bitte um info",2016-01-09T08:54:35,True,Other / unclear,negative,"Nutzer versteht nicht, wie die App funktioniert.",,low,insufficient
rewe,Ein Google-Nutzer,1,,"Ich will doch nur die Angebote wie sie sonst im zeitungsprospekt sind. Sehr peinlich, dass ihr das nicht hin bekommt.",2016-01-07T18:04:10,True,Coupons & discounts,negative,Aktuelle Prospektangebote werden nicht zuverlässig angezeigt.,,medium,substantive
rewe,Ein Google-Nutzer,3,,Leider funktioniert der Barcodescanner nicht. An meiner Kamera liegt das definitiv nicht. Deshalb nur 3 Sterne.,2016-01-07T17:13:41,True,Performance & stability,negative,Der Barcodescanner funktioniert nicht.,,medium,substantive
rewe,Ein Google-Nutzer,3,,"Also die App erfüllt alle wichtigen Grundfunktionen. Ich wünsche mir jedoch die Möglichkeit bereits an der Einkaufsliste zu sehen, was mich an der Kasse erwartet (Gutscheine ausgenommen ).",2016-01-07T12:40:32,True,Search & navigation,neutral,,Anzeige der voraussichtlichen Gesamtsumme der Einkaufsliste vor dem Kassengang.,low,substantive
rewe,Ein Google-Nutzer,1,,Schlecht,2016-01-06T19:26:54,True,Other / unclear,negative,,,low,insufficient
rewe,Ein Google-Nutzer,4,,Bei vollem Datenvolumen funzt die App einwandfrei! Praktisch beim sparen! GPS ist hier sehr wichtig! Galaxy S5.,2016-01-05T16:12:40,True,Performance & stability,positive,,,low,substantive
rewe,Ein Google-Nutzer,1,,Unübersichtlich,2016-01-03T23:54:17,True,Search & navigation,negative,App wird als unübersichtlich empfunden.,,medium,insufficient
rewe,Ein Google-Nutzer,1,,"Ich habe angst wenn man auf ein produkt drauf drückt, das man es dann direkt gekauft hatt.....deswegen von mir leider nur ein stern....sorry hoffe ich bekomme antwort....frohe weihnachten wünsche ich ihnen,",2015-12-25T22:46:26,True,Onboarding & registration,negative,"Nutzer befürchtet, dass das Antippen eines Produkts einen Kauf auslöst.","Deutlichere Hinweise, dass Antippen kein Kauf ist.",low,substantive
rewe,Ein Google-Nutzer,3,,Leider noch immer kein online bestellen..,2015-12-23T13:25:41,True,Payment & checkout,negative,Online-Bestellung weiterhin nicht möglich.,Online-Bestellfunktion in der App.,medium,substantive
rewe,Ein Google-Nutzer,5,,Es wäre super wenn man über die APP beim Lieferservice bestellen könnte.,2015-12-20T22:01:11,True,Payment & checkout,positive,,"Möglichkeit, über die App beim Lieferservice zu bestellen.",low,substantive
rewe,Ein Google-Nutzer,5,,Übersichtlich einfach und gut reicht völlig aus,2015-12-19T17:10:54,True,Other / unclear,positive,,,low,insufficient
rewe,Ein Google-Nutzer,1,,Gut,2015-12-17T13:01:12,False,Other / unclear,neutral,,,low,insufficient
rewe,Ein Google-Nutzer,4,,"Ich nutze die App schon sehr lange. Sie ist super einfach zu bedienen und ist sehr gut in Kategorien unterteilt. Toll, dass es eine Einkaufsliste gibt, die schnell aktualisiert werden kann. Der Support ist freundlich und reagiert sehr schnell, falls die App mal nicht läuft. Danke.",2015-12-15T09:40:34,True,Search & navigation,positive,,,low,substantive
rewe,Ein Google-Nutzer,2,,"...  wo sind die aktuellen Angebote? irgendwo las ich, die app wird Sonntags aktualisiert? newsletter habe ich, aber das mit dem aktualisieren klappt wohl immer noch nicht.",2015-12-13T11:26:05,True,Coupons & discounts,negative,Aktuelle Angebote werden nicht rechtzeitig aktualisiert.,Angebote sollten zuverlässig zum Wochenstart aktualisiert werden.,high,substantive
rewe,Ein Google-Nutzer,1,,Da kann man  ja  gar  nichts  suchen  so  ne  scheiß  app  😡,2015-12-06T22:48:27,True,Search & navigation,negative,Suchfunktion fehlt oder funktioniert nicht.,Eine funktionierende Suche einbauen.,high,insufficient
rewe,Ein Google-Nutzer,1,,"Schade, für meinen lokalen Rewe (Kaufpark) werden keine Angebote angezeigt (""zur Zeit können die Angebote nicht geladen werden""). Somit ist die App für mich nutzlos.",2015-12-03T14:58:51,True,Coupons & discounts,negative,Für lokalen Markt werden keine Angebote geladen.,Angebote für alle Märkte zuverlässig laden.,high,substantive
rewe,Ein Google-Nutzer,3,,Die Ordnung der Einkaufsliste nach Warengruppen für einen effektiven und entspannten Einkauf ohne Hin- und Herlaufen... perfekt! Die Rezeptideen und Übernahme der Zutaten in die Einkaufsliste... ultrapraktisch! Aber ausgerechnet die Kombi funktioniert nicht. Zutaten werden nicht zugeordnet. Das hätte mich zum Stammuser- und kunden gemacht!,2015-11-29T15:51:40,True,Search & navigation,neutral,Rezeptzutaten werden nicht korrekt der Einkaufsliste zugeordnet.,Zutaten aus Rezepten sollten den Warengruppen der Einkaufsliste zugeordnet werden.,medium,substantive
rewe,Ein Google-Nutzer,5,,Rewe Cosmic Shell,2015-11-24T12:02:56,False,Other / unclear,neutral,,,low,insufficient
rewe,Ein Google-Nutzer,3,,Die Rewe Cosmic Shells App finde ich mit meinem Samsungs Galaxy S5 nicht und ein Freund von mir mit seinem S6 auch nicht     wieso???,2015-11-22T19:10:47,True,Performance & stability,negative,App ist auf Samsung Galaxy S5 und S6 nicht im Store auffindbar.,Kompatibilität mit älteren Samsung-Geräten sicherstellen.,high,substantive
rewe,Ein Google-Nutzer,4,,"App funktioniert auf meinem Huawei P8 Lite absolut sicher, flüssig; nicht gut: Artikel im Einkaufskorb kann man nicht in Reihenfolge des “Marktbegängnisses“ sortiern - dies ist in NETTO App bestens gelöst, daher “nur“ 4 Punkte",2015-11-18T18:09:33,True,Search & navigation,positive,Einkaufsliste lässt sich nicht nach Reihenfolge im Markt sortieren.,Sortierfunktion für Einkaufsliste nach Marktreihenfolge ergänzen.,low,substantive
rewe,Ein Google-Nutzer,2,,Wird nicht rechtzeitig aktualisiert,2015-11-16T09:51:07,True,Coupons & discounts,negative,Angebote werden nicht rechtzeitig aktualisiert.,Angebote pünktlich aktualisieren.,medium,insufficient
rewe,Ein Google-Nutzer,2,,Problem ist offenbar bekannt. Seit Monaten werden die aktuellen Angebote erst innerhalb der Woche hochgeladen. App ist dadurch meist unbrauchbar.,2015-11-16T00:22:29,True,Coupons & discounts,negative,Wochenangebote werden seit Monaten verspätet hochgeladen.,Angebote rechtzeitig zum Wochenstart bereitstellen.,high,substantive
rewe,Ein Google-Nutzer,4,,Allerdings suche ich die App von Cosmic Shells.    LG Fabio,2015-11-11T16:49:33,True,Other / unclear,neutral,,,low,insufficient
rewe,Ein Google-Nutzer,4,,"Mir fehlt eine Suchfunktion mit der ich nach Produkten suchen kann und das mir auch direkt der Preis angezeigt wird.  Ausserdem sind Produkte der Frischfleischtheke gar nicht drin . Ansonsten ist die App gut.      Merkwürdig ist, das viele vegetarische Rezepte Wurst enthalten.",2015-11-11T13:27:33,True,Search & navigation,neutral,"Keine Produktsuche mit Preisanzeige, Frischfleischprodukte fehlen.",Produktsuche mit Preisanzeige und Frischfleischsortiment einbauen.,medium,substantive
rewe,Ein Google-Nutzer,1,,Übel.... alles Angebote von letzter Woche.,2015-11-08T18:26:50,True,Coupons & discounts,negative,Es werden nur Angebote der Vorwoche angezeigt.,Aktuelle Angebote rechtzeitig anzeigen.,high,substantive
rewe,Ein Google-Nutzer,2,,"Obwohl ich meinen Standort eingegeben habe,  wurden mir Angebote angezeigt,  die für meinen Markt keine Gültigkeit hatten.  Laut Rücksprache mit meinem Markt in Wuppertal ist das Problem bei rewe bekannt.  Dann macht die app für mich keinen Sinn. Schade eigentlich",2015-10-30T15:43:44,True,Store finder & maps,negative,Trotz Standortangabe werden Angebote anderer Märkte angezeigt.,Angebote korrekt am ausgewählten Markt ausrichten.,high,substantive
rewe,Ein Google-Nutzer,1,,Sorry aber bei 90% hört sie auf zu laden.,2015-10-28T17:21:02,True,Performance & stability,negative,App bleibt beim Laden bei 90% hängen.,Ladefehler beheben.,high,substantive
rewe,Ein Google-Nutzer,1,,Da heute schon Dienstag  ist und das aktuelle Angebot immer noch nicht sichtbar ist,2015-10-20T12:37:09,True,Coupons & discounts,negative,Aktuelles Angebot ist auch am Dienstag noch nicht sichtbar.,Angebote pünktlich am Montag bereitstellen.,high,substantive
rewe,Ein Google-Nutzer,3,,"Bis vor wenigen Wochen war diese App mein absoluter Favorit: Übersichtlich, nur das Notwendigste...und ab So die Angebote ab Mo verfügbar. Gerade in diesem Moment ist es Mo, 19.10....die Angebote der Vorwoche sind noch drin. Damit bekommt die App nur noch 3 Sterne. SCHADE!            Update: Habe alles probiert, sogar die App deinstalliert, Gerät neu gestartet, Cache gelöscht und vor wenigen Minuten neu installiert, App gestartet, Markt ausgewählt...Angebote vom 12.-17. werden angezeigt. :-(",2015-10-19T20:07:12,True,Coupons & discounts,negative,Auch nach Neuinstallation werden alte Angebote der Vorwoche angezeigt.,Aktuelle Angebote pünktlich bereitstellen.,high,substantive
rewe,Ein Google-Nutzer,3,,Montags stehen noch alle Angebote von letzter Woche drin. Einkaufsliste ansonsten praktisch.,2015-10-19T13:08:07,True,Coupons & discounts,neutral,Montags sind nur Angebote der Vorwoche sichtbar.,Angebote bereits zum Wochenstart aktualisieren.,medium,substantive
rewe,Ein Google-Nutzer,2,,Die App wurde gar nicht aktualisiert??!?!!!,2015-10-19T12:02:00,True,Coupons & discounts,negative,App wurde nicht aktualisiert.,Regelmäßige und pünktliche Aktualisierung sicherstellen.,high,insufficient
rewe,Ein Google-Nutzer,1,,Ich wünschte wir konnten auch gucken .z.b. wie viel brotchen kostet dss ist ieinfach doof obwohl rewe ein cooles einkauf Markt ist,2015-10-19T10:39:27,True,Search & navigation,negative,Produktpreise (z.B. Brötchen) lassen sich in der App nicht einsehen.,Preise einzelner Produkte in der App anzeigen.,medium,substantive
rewe,Ein Google-Nutzer,1,,".... interessieren mich die Angebote der letzten Woche?? Eigentlich unterstütze ich alles, was die Flut der Werbebeilagen in Tageszeitungen eindämmt. Aber so wird das wohl nichts....",2015-10-19T09:48:20,True,Coupons & discounts,negative,Die App zeigt veraltete Angebote der letzten Woche an.,Aktuelle Angebote zeitnah bereitstellen.,medium,substantive
rewe,Ein Google-Nutzer,3,,"Würde  mir  wünschen, das die Angebote schon  am  Sonntag für  die  kommende Woche angezeigt werden. Dann  wäre  die Planung für den Wocheneinkauf leichter.",2015-10-18T13:29:00,True,Coupons & discounts,neutral,Angebote der kommenden Woche werden erst zu spät angezeigt.,Angebote bereits sonntags für die kommende Woche anzeigen.,low,substantive
rewe,Ein Google-Nutzer,1,,Nutztlos,2015-10-16T13:34:26,True,Other / unclear,negative,,,low,insufficient
rewe,Ein Google-Nutzer,1,,Was für ein app ? Verstehe nicht warum sie das machen verstehe ich auch nicht ?,2015-10-15T02:04:26,True,Other / unclear,negative,Nutzer versteht den Sinn der App nicht.,,low,insufficient
rewe,Ein Google-Nutzer,2,,Aber wieso gibt kein Lieferservice.          Bitte macht ein Lieferservice sonst ist das unnötig,2015-10-14T21:01:55,True,Online shop & ordering integration,negative,"Es gibt keinen Lieferservice, was die App unnötig macht.",Lieferservice integrieren.,medium,substantive
rewe,Ein Google-Nutzer,3,,"Heute ist Montag, angezeigt werden die Angebote von letzter Woche. Schade, ich stelle nämlich schon am Sonntag meinen Einkaufszettel zusammen.",2015-10-12T13:25:29,True,Coupons & discounts,negative,Am Montag werden noch die Angebote der Vorwoche angezeigt.,Neue Angebote früher (z.B. Sonntag) verfügbar machen.,medium,substantive
rewe,Ein Google-Nutzer,2,,Lädt das aktuelle Prospekt nicht nicht . Beheben dann mehr Sterne,2015-10-12T10:34:58,True,Performance & stability,negative,Das aktuelle Prospekt lädt nicht.,,high,substantive
rewe,Ein Google-Nutzer,1,,"Was nützen mir diese Woche die Angebote von letzter? Es lässt sich leider nicht aktualisieren. So muss ich wohl davon ausgehen, dass auch der Rest nicht auf dem neusten Stand ist. Für mich ist die App damit nicht wirklich hilfreich. (Was den Lieferservice angeht, der existiert bei uns - eine Landeshauptstadt - nicht mal per Onlinebestellung, von der App mal ganz zu schweigen. Das aber nur mal am Rande) Schade, ich mag REWE sonst…",2015-10-12T09:34:23,True,Coupons & discounts,negative,"Angebote lassen sich nicht aktualisieren, veraltete Daten werden angezeigt.",Funktionierende Aktualisierung der Angebote.,high,substantive
rewe,Ein Google-Nutzer,2,,Im grossen ist die app gut. Aber was hab ich dabvn wenn sie mir heute (montag 12.10.15) die angebote der letzten woche anzeigt..,2015-10-12T08:09:18,True,Coupons & discounts,negative,App zeigt am Montag noch die Angebote der Vorwoche.,Rechtzeitige Aktualisierung der Wochenangebote.,medium,substantive
rewe,Ein Google-Nutzer,3,,"Update 06.10. - Ein erster Erfolg! Mein Rewe-Markt ist jetzt in der Liste, aber der Barcode-Scanner funktioniert leider immer noch nicht.",2015-10-07T19:50:45,True,Performance & stability,neutral,Barcode-Scanner funktioniert nicht.,Funktionierenden Barcode-Scanner bereitstellen.,medium,substantive
rewe,Ein Google-Nutzer,4,,"...was mir aber sofort aufgefallen ist, dass man leider bei den Rezepten keine Favoriten wählen oder ein Rezept 'merken' kann. Man muss sie immer wieder neu suchen wenn mal was interessantes gefunden hat. Oder bin ich zu blöd?",2015-10-05T22:51:03,True,Search & navigation,positive,Rezepte können nicht als Favoriten gespeichert werden.,Favoriten- oder Merkfunktion für Rezepte einführen.,low,substantive
rewe,Ein Google-Nutzer,1,,Warum gibt es keinen Modus für Tablets im Landscape Modus? Veröffentlicht doch einfach eure Angebote lieber direkt bei KaufDa oder MeinProspekt!,2015-10-04T21:23:10,True,"Other app features (themes, accessibility, customization)",negative,Kein Landscape-Modus für Tablets verfügbar.,Landscape-Modus für Tablets ergänzen oder Angebote bei KaufDa/MeinProspekt veröffentlichen.,medium,substantive
rewe,Ein Google-Nutzer,3,,"Da derzeit scheinbar ein Problem auf der Rewe Online Seite besteht, hatte ich gehofft mit der App den Einkauf tätigen zu können, jedoch geht das leider nicht. Dennoch muss ich sagen, dass die App sehr flüssig und gut funktioniert.  Meine Verbesserungsvorschläge wären: 1. User Login Damit könnte man die Artikel auf der Webseite und App Synchron halten und hinzugefügte Artikel direkt aus der Einkaufsliste im online store bestellen. 2. Einkaufsmöglichkeit 3. Sharing der Einkaufsliste In der WG nutzen wir Bring als Einkaufsliste. In der geteilten Liste sind alle 3 Parteien, somit kann jeder Artikel hinzufügen oder beim Einkauf direkt sehen, was noch benötigt wird. Selbstverständlich funktioniert die App synchron in realtime und man kann die anderen User der Liste mit einer notification darauf hinweisen, sobald man einkaufen geht. So hat jeder die Möglichkeit noch Artikel zu ergänzen und weiß, dass der Einkauf erledigt wird.  Die ersten Beiden Features wären essentiell, damit die App 5 Sterne bekommt und für mich relevant wäre. Soweit werde ich sie jedoch erst mal wieder deinstallieren.",2015-10-04T20:05:02,True,Online shop & ordering integration,neutral,"Keine Synchronisation zwischen App und Online-Shop, kein Login und keine Bestellmöglichkeit.","User-Login, Bestellmöglichkeit und Sharing der Einkaufsliste in Echtzeit ergänzen.",medium,substantive
rewe,Ein Google-Nutzer,4,,"Richtig gute App, es wäre nett wenn es noch mehr Rezepte gibt und das man die Rezepte als Favorit auswählen kann.Denn gibt es 5 Sterne",2015-10-02T17:07:03,True,Search & navigation,positive,Es gibt zu wenige Rezepte und keine Favoritenfunktion.,Mehr Rezepte und Favoritenfunktion ergänzen.,low,substantive
rewe,Ein Google-Nutzer,4,,Geht. Auch. Besser,2015-10-02T15:14:35,True,Other / unclear,neutral,,,low,insufficient
rewe,Ein Google-Nutzer,2,,"Die Rewe App verwendet, im Gegensatz zu den Apps von Aldi, Lidl,  etc., nur das Hochform, genau wie alle Edeka Apps. So werden  die ganzen Vorteile eines Tablet PC nicht ausgenutzt. Wann lernt / merkt Rewe endlich, die größere Fläche eines Tablet PC zu nutzen? Auch bietet die App, im Gegensatz zur Webpage, nicht die Möglichkeit das Angebot im PDF Format herunter zu laden! Deinstallation!",2015-09-20T16:12:04,True,"Other app features (themes, accessibility, customization)",negative,App nutzt nur Hochformat und bietet keinen PDF-Download der Angebote.,Landscape-Modus für Tablets und PDF-Download der Angebote anbieten.,medium,substantive
rewe,Ein Google-Nutzer,3,,"App ist in Ordnung, aber warum geht sie nicht auch in quer? Hochformat finde ich unpraktisch. Und ich frage mich wozu das Recht Kamera gebraucht wird? Sie wird wieder deinstalliert.",2015-09-19T10:33:20,True,Privacy & data concerns,negative,Kein Querformat und unklare Berechtigung für Kamerazugriff.,Querformat anbieten und Kamera-Berechtigung erklären.,medium,substantive
rewe,Ein Google-Nutzer,4,,Die APP ist wirklich gut gemacht und verdient eigentlich 5 Sterne. Leider hilft Sie mir nicht beim Online Einkauf. Wünschenswert wäre die Möglichkeit meine Einkaufsliste mit dem Online Shop zu synchronisieren. Daher ein Stern Abzug.,2015-09-19T09:08:58,True,Online shop & ordering integration,positive,Einkaufsliste lässt sich nicht mit dem Online-Shop synchronisieren.,Synchronisation der Einkaufsliste mit dem Online-Shop ermöglichen.,medium,substantive
rewe,Ein Google-Nutzer,5,,Hallo  rewe habe eine Frage  gibt es bei rewe gewinnspiel  wo man audi a3 gewinen kann oder eine Kuche oder reise bekomme anrufe bitte  Antworte,2015-09-18T21:31:46,False,Other / unclear,neutral,,,low,insufficient
rewe,Ein Google-Nutzer,2,,"Ich persönlich bevorzuge eigentlich die PDF-Prospekte z.B. bei KaufDa, aber leider bietet das REWE nicht an. Möchte ihr eigenes Ding loswerden.  Im Prinzip ist die Sache auch ganz nett mit dem Einkaufszettel. Allerdings lese ich solche Prospekte lieber am Tablet und da nützt mir die Funktion nichts.  Was mich wirklich stört ist allerdings die Präsentation. Klitzekleine Bildchen und alle Angebote trocken untereinander. Warum kein ""Prospekt"", immerhin kaufen wir mit dem Auge und wollen nicht ""lesen"", was es gibt.  Die Übersicht leidet ganz fürchterlich und man hat eigentlich auch keinen Zusammenhang mit der Ladenaufteilung und wenn man etwas bestimmtes sucht, kann man lange suchen.  Alles in Allem ist es ""in Ordnung"" um sich zu informieren, aber alles andere als schön. Bitte gebt euer Prospekt bei KaufDa frei...",2015-09-18T20:30:36,True,Search & navigation,negative,Prospektdarstellung ist unübersichtlich mit winzigen Bildern und keiner Verbindung zur Ladenaufteilung.,Prospekt als PDF (z.B. über KaufDa) anbieten und ansprechender visuell präsentieren.,medium,substantive
rewe,Ein Google-Nutzer,1,,Angebote stimmen nicht mit denen im gewählten Geschäft überein oder werden erst gar nicht geladen. Rewe wäre besser beraten gar keine app anzubieten als diese.,2015-09-18T12:46:26,True,Coupons & discounts,negative,Angebote im gewählten Markt stimmen nicht überein oder laden gar nicht.,,high,substantive
rewe,Ein Google-Nutzer,3,,"So ist die app ja nicht schlecht. Wäre toll wenn man Gutscheine einscannen könnte und dann an der Kasse nur noch das Handy hin hält so das die Kassiererin es abscannen kann. Dann wären alle Coupons gleich in der Kasse. Und die Kassiererin muss nicht alles einzeln machen, das hält immer so auf und die Kassierer sind nicht so genervt.  Bei Einen anderen laden geht das schon , finde das echt toll gemacht.",2015-09-17T04:42:16,True,Coupons & discounts,neutral,,Gutscheine in der App speichern und an der Kasse per Handy-Scan einlösen.,low,substantive
rewe,Ein Google-Nutzer,5,,"Super um Angebote zu finden und zu vergleichen, ebenso Produkte",2015-09-16T23:25:54,True,Coupons & discounts,positive,,,low,insufficient
rewe,Ein Google-Nutzer,3,,Aber im Vergleich zur Edeka-App gar nichts!,2015-09-14T18:36:43,True,Other / unclear,negative,App schneidet im Vergleich zur Edeka-App schlecht ab.,,low,insufficient
rewe,Ein Google-Nutzer,1,,Kein lieferservice möglich wo zu dient diese App ?,2015-09-14T13:54:44,True,Online shop & ordering integration,negative,Kein Lieferservice in der App verfügbar.,Lieferservice für Lebensmittel in die App integrieren.,medium,substantive
rewe,Ein Google-Nutzer,1,,Hab gedacht man kann über die App Lebensmittel kaufen und dann liefern lassen aber ist leider nicht möglich. Wird jetzt erst mal deinstalliert hoffe kommt bald.,2015-09-13T22:30:26,True,Online shop & ordering integration,negative,Lebensmittel können nicht über die App bestellt und geliefert werden.,Online-Bestellung mit Lieferung ermöglichen.,medium,substantive
rewe,Ein Google-Nutzer,1,,Ich suche ein online Shop wo man auch online Lebensmittel bestellen kann und geliefert werden und nicht sowwas.,2015-09-07T14:52:34,True,Online shop & ordering integration,negative,App bietet keine Online-Bestellung mit Lieferung.,Online-Shop mit Lebensmittellieferung einbauen.,medium,substantive
rewe,Ein Google-Nutzer,1,,Schaut ihr euch an was ihr online  stellt  ? Halbe Seiten ... usw.,2015-09-06T19:29:31,True,Other / unclear,negative,"Darstellungsprobleme, halbe Seiten werden angezeigt.",,medium,insufficient
rewe,Ein Google-Nutzer,1,,"Wozu dann überhaupt eine Rewe-App, wenn es schon Google Keep und einfache Zettel gibt??",2015-09-06T12:22:06,True,Shopping list features,negative,App bietet keinen Mehrwert gegenüber Google Keep oder Zetteln.,,medium,substantive
rewe,Ein Google-Nutzer,1,,kurz drin und wieder weg,2015-09-06T00:20:34,True,Other / unclear,negative,,,low,insufficient
rewe,Ein Google-Nutzer,2,,Der Lieferservice fehlt,2015-09-04T21:26:53,True,Online shop & ordering integration,negative,Lieferservice fehlt in der App.,Lieferservice integrieren.,medium,substantive
rewe,Ein Google-Nutzer,1,,App stürzt ab sobald man einen Markt auswählt..bitte beheben,2015-09-04T21:21:49,True,Performance & stability,negative,"App stürzt ab, sobald ein Markt ausgewählt wird.",,high,substantive
rewe,Ein Google-Nutzer,3,,"Ich bin total froh über diese APP. ABER was nützt sie mir - ebenso die Scanner Eigenschaften - wenn ich mit O2 im Geschäft (egal welcher) überhaupt keinen Empfang habe!!! Ich weiß, das liegt an den Geschäften, aber es ändert nichts! Immer erst an der Kasse - kurz vor dem Ausgang - ist Empfang...",2015-09-04T13:50:04,True,In-store experience,neutral,"Scanner-Funktion unbrauchbar, da im Markt kein Mobilfunkempfang besteht.",Offline-Funktionalität für Scanner und Angebote ermöglichen.,medium,substantive
rewe,Ein Google-Nutzer,5,,Finde die App wirklich Top!!!,2015-09-03T16:48:07,True,Other / unclear,positive,,,low,insufficient
rewe,Ein Google-Nutzer,1,,"keine online bestellfunktion, kein lieferservice, keine benutzeranmeldung, keine bezshlfunktion - völliger unsinn!! wann kommt der deutsche einzelhandel endlich in der moderne an??",2015-09-01T08:38:05,True,Payment & checkout,negative,"Es fehlen Online-Bestellung, Lieferservice, Benutzeranmeldung und Bezahlfunktion.","Online-Bestellung, Lieferservice, Login und Bezahlfunktion einführen.",high,substantive
rewe,Ein Google-Nutzer,1,,"Ich kann die Einkaufsliste, die ich am PC erstellt habe, nicht auf dem Smartphone öffnen. Das war die einzige Funktion mit echtem Mehrwert.  Wenn die Funktion kommt gebt mir Bescheid, dann überarbeite ich die Bewertung gern.",2015-08-31T17:29:17,True,Shopping list features,negative,Am PC erstellte Einkaufsliste lässt sich nicht auf dem Smartphone öffnen.,Synchronisation der Einkaufsliste zwischen PC und Smartphone.,high,substantive
rewe,Ein Google-Nutzer,3,,"Aber was ich extrem blöd finde an dieser App, sie hat kein Suchfeld!!!Wo ich meine gewünschten Produkte einfach eingeben kann!!!Schade!!",2015-08-25T17:15:31,True,Search & navigation,negative,"Es gibt kein Suchfeld, um nach gewünschten Produkten zu suchen.",Suchfeld für Produkte in die App einbauen.,medium,substantive
rewe,Ein Google-Nutzer,3,,Online-Einkauf und mehr Übersichtlichkeit in punkto Payback wären wünschenswert. Sonst ganz ansprechend.,2015-08-23T15:19:48,True,Loyalty program mechanics,neutral,Payback-Bereich ist unübersichtlich und Online-Einkauf fehlt.,Online-Einkauf ergänzen und Payback-Bereich übersichtlicher gestalten.,medium,substantive
rewe,Ein Google-Nutzer,1,,Öffnen und schon beendet,2015-08-14T22:50:29,True,Performance & stability,negative,App schließt sich sofort nach dem Öffnen.,,high,substantive
rewe,Ein Google-Nutzer,4,,Es sind keine Produkte für Katzen dabei. Aber die App ist ziemlich gut.,2015-08-13T17:02:11,True,Search & navigation,positive,Keine Produkte für Katzen in der App.,Katzenprodukte ins Sortiment der App aufnehmen.,low,substantive
rewe,Ein Google-Nutzer,4,,"Man sieht immer, was aktuell im Angebot ist und die Payback-Aktionen. Jedoch kann man mobil über die App keine Einkaufsgutscheine mehr einlösen, da die Eingabefenster auf der Browserseite zu klein sind. Dies bitte korrigieren und den Lieferservice inkludieren, dann volle 5 Sterne.",2015-08-09T00:50:21,True,Coupons & discounts,neutral,"Einkaufsgutscheine können mobil nicht eingelöst werden, da Eingabefenster zu klein sind.",Eingabefenster für Gutscheine mobil anpassen und Lieferservice integrieren.,medium,substantive
rewe,Ein Google-Nutzer,5,,Ganz gute App,2015-07-30T12:51:39,True,Other / unclear,positive,,,low,insufficient
rewe,Ein Google-Nutzer,3,,"Ich hätte mir eine Schnittstelle  zum rewe online lieferservice portal gewünscht, dann könnte ich mir die einkaufsliste glrich luefern liefern lassen",2015-07-26T08:24:56,True,Online shop & ordering integration,neutral,Keine Schnittstelle zwischen Einkaufsliste und Rewe Online-Lieferservice.,"Schnittstelle, um Einkaufsliste direkt über den Lieferservice zu bestellen.",medium,substantive
rewe,Ein Google-Nutzer,4,,"Aber sind wirklich alle Angebote drin? Wenn ich mir den Prospekt ansehe, denke ich eher nicht...bei anderen Einkaufs Apps kann man diesen auch in der App sehen...fände ich auch bei REWE schön",2015-07-25T13:19:18,True,Coupons & discounts,neutral,"Unklar, ob alle Angebote des Prospekts in der App enthalten sind.",Kompletten Prospekt in der App anzeigen.,low,substantive
rewe,Ein Google-Nutzer,2,,keine Möglichkeit online zu bestellen.,2015-07-15T14:52:57,True,Online shop & ordering integration,negative,Online-Bestellung ist nicht möglich.,Online-Bestellfunktion einbauen.,medium,substantive
rewe,Ein Google-Nutzer,5,,"Nachdem jetzt der Barcode-Scanner und die Teilen-Funktion der Einkaufsliste wieder integriert sind, ist diese App für mich einfach die Beste auf dem Markt. Hoffentlich wird bald auch die Online-Bestellung über diese App ermöglicht, ich nutze diesen Service nämlich gerne und regelmäßig. Weiter so",2015-07-14T19:49:17,True,Online shop & ordering integration,positive,,Online-Bestellung über die App ermöglichen.,low,substantive
rewe,Ein Google-Nutzer,1,,"Eigentlich eine sehr gute App. Jedenfalls bisher! Doch leider ,schließt sie gleich nach dem öffnen sofort wieder. Bitte beheben, dann gibt es auch wieder fünf Sterne!",2015-07-14T16:49:09,True,Performance & stability,negative,App schließt sich sofort nach dem Öffnen.,,high,substantive
rewe,Ein Google-Nutzer,3,,Manchmal nicht aktuell,2015-07-13T18:46:27,True,Coupons & discounts,neutral,Angebote sind manchmal nicht aktuell.,,medium,insufficient
rewe,Ein Google-Nutzer,5,,EDEKA-App,2015-07-10T13:55:34,False,Other / unclear,neutral,,,low,insufficient
rewe,Ein Google-Nutzer,1,,Heute im REWE rahmer Straße app benutzt alle Angaben waren ungültig die haben sogar abgestritten das diese app von denen sei musste viele der waren wieder zurücklegen was alle in der Filiale bei der Hitze frustrierte,2015-07-04T20:25:58,True,Coupons & discounts,negative,Angebote in der App wurden in der Filiale nicht anerkannt.,"Sicherstellen, dass App-Angebote in den Filialen gültig sind.",high,substantive
rewe,Ein Google-Nutzer,2,,"Egal wie oft ich die App aktualisiere, deinstalliere, auf meinem S5 wird, obwohl ich als aktuellen Prospekt zunächst das richtige Datum angezeigt bekomme, immer die Angebote aus April angezeigt!",2015-07-04T12:47:54,True,Coupons & discounts,negative,App zeigt trotz Updates und Neuinstallation alte Angebote aus April an.,,high,substantive
rewe,Ein Google-Nutzer,1,,"Leider kann man dieser App wieder nur einen Stern geben. Zwischendurch lief sie wunderbar und hat mir die aktuellen Prospekte zuverlässig angezeigt. Derzeit werden mir in allen ausgewählten Märkten nur Prospekte aus dem Monat April angezeigt. Weder ein löschen des Caches, der App-Daten oder eine Neuinstallation haben das Problem behoben. Was soll ich mit einer App anfangen, die mir veraltete Werbung anzeigt?",2015-07-04T11:02:42,True,Coupons & discounts,negative,Es werden nur veraltete Prospekte aus April angezeigt.,,high,substantive
rewe,Ein Google-Nutzer,3,,"Mir persönlich fehlt die Funktion die Produkte  in den Warenkorb hineinzulegen und dann zu bestellen. Kann einem viel Arbeit ersparen, wenn man die Produkte noch zuhause hat. Ansonsten gute APP. Läuft stabil und ohne Probleme, auch sonst erfüllt sie ihre Aufgabe.",2015-07-03T20:22:38,True,Payment & checkout,neutral,"Es fehlt die Möglichkeit, Produkte direkt aus der App zu bestellen.",Warenkorb- und Bestellfunktion in der App ergänzen.,medium,substantive
rewe,Ein Google-Nutzer,3,,"Die App bietet momentan noch nicht genug, um diese wirklich zu nutzen. Sobald ein Einkauf hierüber möglich ist und das gesamte Sortiment zur Verfügung steht, wird das für mich interessant.",2015-07-01T18:16:27,True,Payment & checkout,negative,Kein Einkauf über die App möglich und Sortiment unvollständig.,Komplettes Sortiment und Bestellfunktion in die App integrieren.,medium,substantive
rewe,Ein Google-Nutzer,1,,"Nur ein paar Angebote. Keine Bestellung möglich, unvollständiges Sortiment.",2015-06-30T21:43:36,True,Payment & checkout,negative,"Wenig Angebote, keine Bestellung möglich, unvollständiges Sortiment.",Bestellfunktion und vollständiges Sortiment hinzufügen.,medium,substantive
rewe,Ein Google-Nutzer,4,,"Für die Angebote. Was noch praktisch wäre, wäre die Anzeige des kompletten Sortimentes. Milch konnte ich erst nach dem Barcode scannen auf die Einkaufsliste packen.",2015-06-28T21:41:59,True,Search & navigation,neutral,Produkte wie Milch nur per Barcode-Scan auf Einkaufsliste setzbar.,Komplettes Sortiment in der App anzeigen und einfacher zur Liste hinzufügen.,medium,substantive
rewe,Ein Google-Nutzer,2,,"..unverständlich, Einkaufsliste: bei OBST EINGABEN werden Gemüse angeboten. Kaum Logik zur EK-VORBEREITUNG - App bietet keine Vorteile gegenüber allgem. EK-Apps. Wird deinstalliert",2015-06-20T10:23:32,True,Search & navigation,negative,Bei Eingabe von Obst werden in der Einkaufsliste Gemüse vorgeschlagen.,Logischere Kategorisierung und Vorschläge in der Einkaufsliste.,medium,substantive
rewe,Ein Google-Nutzer,4,,"Ich kann keinen Markt auswählen, der nicht in meiner Nähe ist. Und die Rechte scheinen mir auch ein wenig zu hoch oder für was braucht ihr Zugriff auf meine Kamera?",2015-06-14T20:17:38,True,Privacy & data concerns,neutral,Keine Auswahl entfernter Märkte möglich und unnötige Kamera-Berechtigung.,Auswahl beliebiger Märkte ermöglichen und App-Berechtigungen reduzieren.,medium,substantive
rewe,Ein Google-Nutzer,5,,Geil einfach Genial.,2015-06-14T01:59:06,True,Other / unclear,positive,,,low,insufficient
rewe,Ein Google-Nutzer,5,,Eine gute Runde Sache. Hilfreich und funktionell. Danke! Good Job!,2015-06-12T23:17:55,True,Other / unclear,positive,,,low,insufficient
rewe,Ein Google-Nutzer,4,,"Alles wieder in bester Ordnung, danke für die Info liebes Rewe Team ☺",2015-06-08T16:53:30,True,Other / unclear,positive,,,low,insufficient
rewe,Ein Google-Nutzer,5,,Super cool,2015-06-08T06:27:20,True,Other / unclear,positive,,,low,insufficient
rewe,Ein Google-Nutzer,5,,"Sehr gute App.! Besonders die Rückkehr des Barcode Scanners freut mich sehr. Dieser geht allerdings (zumindest bei mir) nur unter optimalen Lichtverhältnissen (der aufgenommene Barcode wird nicht scharf). Dies ging früher wesentlich besser. Was auch noch schöne wäre, ist eine Preisangabe in der Einkaufsliste, so das man sich vorbereiten kann. Ansonsten bin ich aber super zufrieden. Weiter so :-)",2015-06-07T21:25:35,True,Search & navigation,positive,"Barcode-Scanner funktioniert nur bei optimalen Lichtverhältnissen, Bild wird nicht scharf.",Preisangabe in der Einkaufsliste hinzufügen.,medium,substantive
rewe,Ein Google-Nutzer,4,,Update 07.06.15: Jetzt funktioniert das Aufrufen des Angebotsprospektes! Danke!,2015-06-07T13:50:01,True,Coupons & discounts,positive,,,low,insufficient
rewe,Ein Google-Nutzer,4,,"Die Möglichkeit sich seinen Einkauf liefern zu lassen ist grandios, meiner Meinung nach müsste man die App erweitern das man über diese seine Einkäufe tätigen kann. Denn meiner Meinung nach ist die mobile Webseite viel zu umständlich und unübersichtlich was mich bisher immer abgehalten hat.",2015-06-06T17:21:22,True,Payment & checkout,positive,Mobile Webseite für Lieferservice-Einkäufe ist zu umständlich und unübersichtlich.,Einkäufe für Lieferservice direkt über die App tätigen können.,medium,substantive
rewe,Ein Google-Nutzer,4,,Sehr gut !,2015-06-06T14:45:44,True,Other / unclear,positive,,,low,insufficient
rewe,Ein Google-Nutzer,5,,"ERGANZUNG: DANKE FÜR DEN HINWEIS. ICH DENKE, DAS WAR DAS UNTEN GESCHILDERTE PROBLEM! DAHER NUN 5 🌟   ICH LASS DAS ALTE KOMMENT STEHEN, FALLS ES AUCH ANFERE USER BETREFFEN SOLLTE. ...&gt;&gt;...Die App selber finde ich bisher sehr gut, aber es werden nicht alle Angebote aufgeführt. Wenn man die Angebote von Rewe über KAUFDA vergleicht, finden sich dort wesentlich mehr Angebote. So nett die...&lt;&lt;",2015-06-03T18:33:52,True,Coupons & discounts,positive,,,low,substantive
rewe,Ein Google-Nutzer,3,,"Hübsch aussehende App. Schön funktioniert die Filialsuche. Aktuelle Angebote kann man wohl auch sehen. Ich hatte allerdings gehofft das es zu allen Produkten die in einem Markt vorhanden sind Bilder und Preise gibt, das ist leider nicht so (und beim Einkaufsliste erstellen werden einem auch Produkte vorgeschlagen die es im ausgewähltem Markt gar nicht gibt) - schade denn im Rewe onlineshop gibt es das ja zu allen Produkten.  Integration mit Rewe Online wäre super! Was auserdem total klasse wäre aber ggf. etwas viel verlangt wäre eine ""Regalreihennavigation"" innerhalb des Marktes, so das mir die App schon sagen kann wo alles liegt und ich es nur noch rausholen muss.",2015-06-03T12:20:47,True,Search & navigation,neutral,Nicht alle Produkte haben Bilder/Preise und Einkaufsliste schlägt nicht verfügbare Produkte vor.,Integration mit REWE Online und Regalreihennavigation innerhalb des Marktes.,medium,substantive
rewe,Ein Google-Nutzer,5,,"Habe bisher nur über die Online-Seite den Lieferservice und die Angebotsansicht genutzt. Schön, dass es auch eine App gibt :)",2015-05-29T09:21:09,True,Online shop & ordering integration,positive,,,low,insufficient
rewe,Ein Google-Nutzer,5,,Alles perfekt.  Markt in Bodolz wird nun angezeigt.  Danke,2015-05-28T20:12:46,True,Store finder & maps,positive,,,low,insufficient
rewe,Ein Google-Nutzer,5,,Nach Absprache mit rewe gibt es jetz 5 Sterne. Danke für die rasche antwort,2015-05-28T13:37:37,True,Other / unclear,positive,,,low,insufficient
rewe,Ein Google-Nutzer,5,,Eine praktische APP für unterwegs,2015-05-28T10:52:27,True,Other / unclear,positive,,,low,insufficient
rewe,Ein Google-Nutzer,1,,"vorher war man unabhängig, weil man offline nochmal die Waren nachgucken konnte, ob man was vergessen hat. Nicht jeder hat mobil unbegrenzt Highspeed-Volumen. In Sachen Komfort ein Senkrecht-Absturz, deshalb von ***** auf *.",2015-05-26T21:10:45,True,Performance & stability,negative,"App funktioniert nicht mehr offline, verbraucht mobiles Datenvolumen.",Offline-Nutzung der Warenübersicht wiederherstellen.,high,substantive
rewe,Ein Google-Nutzer,2,,Ne Produktübersicht wäre geil wenn Da 5stars,2015-05-26T15:14:22,True,Search & navigation,negative,Es fehlt eine vollständige Produktübersicht.,Produktübersicht in die App integrieren.,medium,insufficient
rewe,Ein Google-Nutzer,2,,Hätte erwartet das man über. die app auch bei Rewe Online Einkaufen kann.,2015-05-26T14:25:09,True,Payment & checkout,negative,Online-Einkauf bei REWE ist über die App nicht möglich.,REWE Online-Einkauf direkt in der App ermöglichen.,medium,substantive
rewe,Ein Google-Nutzer,4,,"Übersichtlich gestaltet, würde mir aber eine Summe meines Einkaufszettels wünschen",2015-05-26T04:29:13,True,Shopping list features,neutral,Einkaufszettel zeigt keine Gesamtsumme an.,Summe des Einkaufszettels anzeigen.,low,substantive
rewe,Ein Google-Nutzer,5,,"Nach der letzten Aktualisierung funktioniert die REWE-App bestens. Sehr hilfreich, um sich über Angebote zu informieren und gut gemacht.",2015-05-24T18:04:49,True,Coupons & discounts,positive,,,low,insufficient
rewe,Ein Google-Nutzer,2,,"Vermisse leider die alte Marktsuche. Nur deshalb hab ich mir eigentlich die App installiert. Da wir mehrere Märkte in der Umgebung haben, mit unterschiedlichen angeboten. Sehr schade. Muß jetzt jedes mal den Markt wechseln. War vorher einfacher.",2015-05-21T12:39:18,True,Store finder & maps,negative,"Alte Marktsuche fehlt, Marktwechsel ist jetzt umständlicher.",Alte Marktsuche mit einfachem Wechsel zwischen Märkten wiederherstellen.,medium,substantive
rewe,Ein Google-Nutzer,5,,Leider kann man nur Angebote hinzufügen. Ich würde gerne meine Liste komplett machen mit Dingen die nicht im Angebot sind. So muss ich ja immer noch eine zweite Liste mitführen.,2015-05-15T10:44:21,True,Coupons & discounts,neutral,"Nur Angebote können zur Einkaufsliste hinzugefügt werden, nicht aber andere Produkte.",Beliebige Produkte (auch nicht-Angebote) zur Einkaufsliste hinzufügen können.,medium,substantive
rewe,Ein Google-Nutzer,2,,ohne Login APP unbrauchbar,2015-05-14T12:36:56,True,Authentication & login,negative,App ist ohne Login nicht nutzbar.,Nutzung der App auch ohne Login ermöglichen.,high,insufficient
rewe,Ein Google-Nutzer,2,,"Die alte Marktsuche war sehr praktisch. Man konnte sehen, wo exakt im Umkreis sich der nächste Markt befindet. Jetzt ist nur ein einzelner Markt zu sehen und in der Liste nur Adressen, was in einer fremden Stadt nicht wirklich hilfreich ist. Das war der einzigste Grund zur Installation...",2015-05-13T02:08:58,True,Store finder & maps,negative,Neue Marktsuche zeigt nur einen Markt statt Umkreisübersicht mit Karte.,Frühere Kartenansicht mit allen Märkten im Umkreis wiederherstellen.,medium,substantive
rewe,Ein Google-Nutzer,5,,Danke für das Update und das die App auch optisch verbessert wurde...hat ja lang genug gedauert schön das wieder daran gearbeitet wird um die Rewe App jeden Tag etwas besser zu machen,2015-05-12T22:09:38,True,"Other app features (themes, accessibility, customization)",positive,,,low,substantive
rewe,Ein Google-Nutzer,1,,"Dachte dies wäre eine App mit der man seine Lieferungen bestücken und organisieren kann. Wer braucht eine App, die ihm sagt wo der nächste Rewe Markt ist? Absoluter Unfug. Insbesondere wenn man schon als einziger einen Lieferdienst hat.",2015-05-12T09:59:12,True,Online shop & ordering integration,negative,"App bietet keine Lieferdienst-Bestellfunktion, nur Marktsuche.",Lieferservice direkt in der App integrieren.,medium,substantive
rewe,Ein Google-Nutzer,3,,Währe schön wenn einem der Gesamtwert im Warenkorb angezeigt wuerde. Deswegen nur 3 Sterne...,2015-05-12T08:20:12,True,Shopping list features,neutral,Gesamtwert des Warenkorbs wird nicht angezeigt.,Gesamtsumme im Warenkorb anzeigen.,low,substantive
rewe,Ein Google-Nutzer,2,,"Wie,  man kann nichts online bestellen mit der App?",2015-05-11T20:47:11,True,Payment & checkout,negative,Es ist keine Online-Bestellung über die App möglich.,Online-Bestellfunktion in der App einbauen.,medium,substantive
rewe,Ein Google-Nutzer,5,,Alles schön nach Produkten sortiert!,2015-05-11T19:23:51,True,Search & navigation,positive,,,low,insufficient
rewe,Ein Google-Nutzer,3,,"es ist sehr schade, dass die App nicht mit dem Lieferservice verbunden ist. Erst dann stellt sie für mich einen Mehrwert dar. Ich hoffe, diese Funktion ist in Planung.",2015-05-08T16:52:46,True,Online shop & ordering integration,negative,App ist nicht mit dem Lieferservice verbunden.,Anbindung an den REWE Lieferservice.,medium,substantive
rewe,Ein Google-Nutzer,1,,Immer wieder sind.alte Angebote zu sehen! Wirklich richtig.schlecht,2015-04-30T12:30:26,True,Coupons & discounts,negative,Es werden immer wieder veraltete Angebote angezeigt.,Aktuelle Angebote zuverlässig anzeigen.,medium,substantive
rewe,Ein Google-Nutzer,2,,"Leider werden seit Wochen immer veraltete Angebote angezeigt. Dazu kommt noch das Blätter vom 17.11. mitangezeigt werden. Schade wenn man das vorher nicht sieht extra  deswegen in den Laden rennt und merkt, dass die Dinge nicht im Angebot sind.                                                   * Auch nach dem Update stimmen die Prospekte und die deutschlandweiten Angebote nicht",2015-04-28T22:15:55,True,Coupons & discounts,negative,Seit Wochen werden veraltete Angebote und Prospekte angezeigt.,Aktualität der Angebote und Prospekte sicherstellen.,high,substantive
rewe,Ein Google-Nutzer,2,,"Ist eine Klasse App. Vor allem, wenn man Ideen braucht zum Kochen. ABER: seit dem Update kann ich einzelne Rezepte nicht mehr markieren. Ich kann die Zutaten nicht mehr in den Einkaufszettel setzen. Wieso geht das nicht mehr? Sehr schade...",2015-04-25T09:05:55,True,Recipes & content,negative,Nach dem Update kann man Rezepte nicht mehr markieren und Zutaten nicht in den Einkaufszettel übernehmen.,Rezepte markieren und Zutaten in den Einkaufszettel übernehmen wieder ermöglichen.,medium,substantive
rewe,Ein Google-Nutzer,4,,"GUTE APP,KLARER TEXT,KLARE WARENFOTOS, LEIDER KEINE KATEGORIE ,,BACKWAREN "" UND SOMIT AUCH KEINE ANGEBOTE - SCHADE !",2015-04-23T16:43:29,True,Coupons & discounts,positive,Kategorie Backwaren und entsprechende Angebote fehlen.,Kategorie Backwaren mit Angeboten ergänzen.,low,substantive
rewe,Ein Google-Nutzer,3,,"Vor dem Update war die Einkaufsliste mit zum Beispiel Google Notizen teilbar, das fehlt jetzt komplett. Und wo ist der Lieferservice?",2015-04-21T06:11:57,True,Shopping list features,negative,Einkaufsliste lässt sich nicht mehr teilen (z.B. mit Google Notizen) und Lieferservice fehlt.,Teilen-Funktion der Einkaufsliste und Lieferservice zurückbringen.,medium,substantive
rewe,Ein Google-Nutzer,5,,Ich kaufe sehr gerne mit der Netto App ein. Alles geht schnell und reibungslos. Ich erstelle auf Grund der Angebote meine Einkaufsliste und füge  die Artikel die ich noch benötige dazu. Ich bin voll zufrieden.,2015-04-19T12:32:03,True,Shopping list features,positive,,,low,substantive
rewe,Ein Google-Nutzer,3,,Update macht alte Daten platt! Einkaufsliste klarer Rückschritt.,2015-04-15T18:58:01,True,Performance & stability,negative,Update löscht alte Daten und verschlechtert die Einkaufsliste.,Datenerhalt bei Updates und bessere Einkaufslisten-Funktion.,high,substantive
rewe,Ein Google-Nutzer,1,,"Endlich eine neue Version. Aber genau der gleiche XXXX wie in der alten Version. Ich wähle meinen Markt aus, gehe auf die angeblich ach so aktuellen Angebote (das Datum stimmt auch) und bekomme die Angebote von der Woche davor!  Was soll man bitte mit so eine App anfangen? Ich wünschte man könnte minus Sterne vergeben.",2015-04-15T09:31:38,True,Coupons & discounts,negative,"Angebote des ausgewählten Marktes sind veraltet, obwohl Datum aktuell ist.","Korrekte, marktaktuelle Angebote anzeigen.",high,substantive
rewe,Ein Google-Nutzer,1,,"Welchen Sinn hat ein Update, wenn damit wesentliche Funktionen der App entfallen? Die Einkaufsliste war bisher das herausragende Merkmal wegen der Spracheingabe und der Scanmöglichkeit. Wo ist die Spracheingabe? Weg.... Die Scanmöglichkeit? Entfallen....  Damit hat sich die App selber erledigt und kann getrost deinstalliert werden.",2015-04-15T07:28:19,True,Shopping list features,negative,Spracheingabe und Scanfunktion der Einkaufsliste sind nach dem Update entfallen.,Spracheingabe und Barcode-Scanner wieder einführen.,high,substantive
rewe,Ein Google-Nutzer,2,,"Seit dem Update wurde die app für mich mehr oder weniger unnützlich. Keine lieblingsrezepte, deshalb muss man ständig wieder nach dem gleichen Gericht suchen. Zutatenliste bei Rezept kann nicht mehr direkt in den Einkaufswagen übernommen werden uvm. Außerdem fehlt beispielsweise eine Rezeptsuche. Die app vor dem Update hätte ich mit 4-5 Sternen bewertet, nun 1-2. Insgesamt finde ich, das sich diese app noch einiges (ausgenommen Angebotsübersicht) von der Edeka-app abschauen.",2015-04-14T17:51:02,True,Recipes & content,negative,"Nach Update fehlen Lieblingsrezepte, Rezeptsuche und Übernahme der Zutaten in den Einkaufswagen.","Lieblingsrezepte, Rezeptsuche und Zutatenübernahme wieder einbauen.",medium,substantive
rewe,Ein Google-Nutzer,2,,"Viele Funktionen fehlen im Vergleich zur vorherigen Version. z.B.: Barcodeleser, Lieblingsrezept, Ek Liste Teilen, Anmelden bzw. die Ek Liste über mehrere Geräte bearbeiten sind leider nicht mehr vorhanden.",2015-04-13T22:28:09,True,Shopping list features,negative,"Barcodeleser, Lieblingsrezept, Liste teilen und Geräte-Synchronisation fehlen nach dem Update.","Barcodeleser, Teilen-Funktion und geräteübergreifende Einkaufsliste wieder bereitstellen.",medium,substantive
rewe,Ein Google-Nutzer,3,,"Ich verfolge die Rewe App nun seit ihrer ersten Veröffentlichung und bin immer wieder überrascht, daß Dinge, die eigentlich gut oder Verbesserungen zum Vorgänger waren in Folgeversionen fehlen. Aktuell ist es sehr bedauerlich, daß die Einkaufsliste nicht mehr versendbar ist. Bislang habe ich meine Liste weiterleiten können bspw. per whatsapp oder evernote. Diese Funktion ist weg. Warum eigentlich?  Da die frühere Funktion des Austauschs zwischen PC und Mobiler App schon einer früheren Neuversion zum Opfer gefallen ist bleibt aktuell wieder eine für mich nur geringwertige Version, da kein Datenaustausch möglich ist. Alles bleibt statisch auf dem Handy, auf dem ich die liste erstellt habe... Daher trotz ansprechendem Design nur 3 Sterne.",2015-04-13T10:42:43,True,Shopping list features,negative,Einkaufsliste lässt sich nicht mehr versenden und kein Datenaustausch zwischen PC und App möglich.,Teilen der Einkaufsliste und Synchronisation zwischen Geräten ermöglichen.,medium,substantive
rewe,Ein Google-Nutzer,2,,"Einkaufsliste, Märkte - alles weg. Kein Scanner mehr, nur noch ein Markt auswählbar",2015-04-12T10:19:03,True,Shopping list features,negative,"Einkaufsliste, Scanner und Mehrfach-Marktauswahl sind nach dem Update verschwunden.",Scanner und mehrere Märkte wieder ermöglichen.,high,substantive
rewe,Ein Google-Nutzer,3,,Leider fehlt seit dem Update die Artikel-Scan-Funktion bei der Einkaufsliste. Dies war das von mir genutzte Hauptfeature.,2015-04-12T10:05:14,True,Shopping list features,negative,Artikel-Scan-Funktion in der Einkaufsliste fehlt nach dem Update.,Barcode-Scan-Funktion in der Einkaufsliste wieder einbauen.,medium,substantive
rewe,Ein Google-Nutzer,5,,"Die Angebote laden schnell, wie auch die Marktsuche. Die Einbindung der Rezepte ist gut, und die Verwaltung der Einkaufsliste ist angehen. Optik allgemein sehr übersichtlich.",2015-04-11T17:52:31,True,"Other app features (themes, accessibility, customization)",positive,,,low,substantive
rewe,Ein Google-Nutzer,5,,Die Rezepte sind eine tolle idee!,2015-04-10T07:20:32,True,Recipes & content,positive,,,low,insufficient
rewe,Ein Google-Nutzer,5,,Nach der Aktualisierung ist alles wieder gut. ...Prospekte wieder da....alles schön,2015-04-09T14:24:53,True,Coupons & discounts,positive,,,low,substantive
rewe,Ein Google-Nutzer,5,,Sehr nützliche Funktionen und die App sieht dabei auch noch schick und modern aus!,2015-04-09T14:16:13,True,"Other app features (themes, accessibility, customization)",positive,,,low,insufficient
rewe,Ein Google-Nutzer,5,,Sehr gut gelungen. Ich freue mich schon jetzt auf das nächste Update. Dann hoffentlich schon mit einer Bestellfunktion?,2015-04-09T09:08:23,True,Online shop & ordering integration,positive,,Bestellfunktion in die App integrieren.,low,substantive
rewe,Ein Google-Nutzer,5,,Das neue Design zeigt in die richtige Richtung. Aufgeräumt und klar! Schnell und flüssig zu bedienen! Großes Lob an das Entwicklungsteam!,2015-04-09T08:59:26,True,Performance & stability,positive,,,low,substantive
rewe,Ein Google-Nutzer,4,,"Ich finde die App super - sehr übersichtlich und einfach zu bedienen. Kein unnötiger Schnickschnack, das finde ich toll. Ein paar Sachen könnte man noch ausbauen - zum Beispiel die Einkaufsliste könnte so verknüpft sein, dass man alles darauf direkt online bestellen kann.",2015-04-08T21:45:09,True,Online shop & ordering integration,positive,,Einkaufsliste mit Online-Bestellung verknüpfen.,low,substantive
rewe,Ein Google-Nutzer,5,,"Sieht echt cool aus und fühlt sich super an - Fehlt nur noch, dass man darüber auch bestellen kann!",2015-04-08T21:39:55,True,Payment & checkout,positive,,Bestellmöglichkeit direkt über die App einführen.,low,substantive
rewe,Ein Google-Nutzer,5,,"Die neue Version ist wirklich sehr zu gebrauchen! Läuft sehr stabil und schnell, schickes Design, tolle Features: Angebote, Einkaufszettel, Rezepte, clever miteinander verzahnt.",2015-04-08T21:05:39,True,Performance & stability,positive,,,low,substantive
rewe,Ein Google-Nutzer,4,,Jetzt fehlt nur noch ein Login um den gefüllten Einkaufszettel dann via Lieferservice bestellen zu können. Ist das bereits in Planung?,2015-04-08T20:58:59,True,Payment & checkout,positive,,Login und Lieferservice-Bestellung über den Einkaufszettel einführen.,low,substantive
rewe,Ein Google-Nutzer,5,,"Cool, die App sieht jetzt echt klasse aus, und stürzt gar nicht mehr  ab, wenn man die Angebote ansehen will :-)   Der Android 5.0 Support sieht auch gut aus, ich hoffe, es gibt jetzt wieder regelmäßige Updates?!",2015-04-08T20:50:12,True,Performance & stability,positive,,Regelmäßige Updates fortsetzen.,low,substantive
rewe,Ein Google-Nutzer,3,,"Hallo,  richtig nützlich wäre die App,  wenn man daraus direkt bestellen könnte...",2015-04-08T19:30:50,True,Payment & checkout,neutral,,Direkte Bestellfunktion in der App einbauen.,low,substantive
rewe,Ein Google-Nutzer,1,,Habe von allen möglichen Anbietern die APP aber diese ist einfach nur nutzlos. Angebote sind über Wochen nicht abrufbar oder dann einfach nur falsch habe bei meinem Markt jetzt das Angebot vom 23.02. ab es ist aber bereits der 07.04. Und wie Frau Völker ist es mir auch gegangen bin umsonst in den Laden gerannt nur um zu erfahren das Produkt ist gar nicht im Angebot.,2015-04-07T16:02:13,True,Coupons & discounts,negative,Angebote sind seit Wochen veraltet oder falsch dargestellt.,Aktuelle und korrekte Angebote zuverlässig anzeigen.,high,substantive
rewe,Ein Google-Nutzer,1,,Keine aktuellen Angebote!,2015-04-06T19:20:28,True,Coupons & discounts,negative,Es werden keine aktuellen Angebote angezeigt.,Aktuelle Angebote bereitstellen.,high,insufficient
rewe,Ein Google-Nutzer,1,,Seit 3 Wochen die gleiche Werbung ganz toll,2015-04-05T22:16:31,True,Coupons & discounts,negative,Seit drei Wochen wird dieselbe Werbung angezeigt.,Werbung und Angebote regelmäßig aktualisieren.,medium,substantive
rewe,Ein Google-Nutzer,2,,"Liebes REWE  Team, wenn Ihr mit Aldi Lidl usw mitziehen wollt. Dann sollte eure App auch die aktuellen Angebote beinhalten. Dafür habe ich mir die App geholt. Update : es hat sich immer noch nichts getan. Die Angebote sind immer noch vom 23.2",2015-04-01T23:27:40,True,Coupons & discounts,negative,"App zeigt keine aktuellen Angebote, Prospekt seit Februar nicht aktualisiert.",Aktuelle wöchentliche Angebote in der App pflegen.,high,substantive
rewe,Ein Google-Nutzer,1,,In der Vergangenheit immer wieder Probleme bei der Aktualisierung der Angebote sowie Reste älterer Prospekte am Ende des aktuellen Prospekts. Nun schon seit einem Monat keine neuen Angebote mehr. Cache etc.wurden bereits mehrmals geleert. Samsung Galaxy S3&Toshiba ExcitePro,2015-03-31T23:20:21,True,Coupons & discounts,negative,"Angebote werden seit über einem Monat nicht aktualisiert, alte Prospektreste bleiben sichtbar.",Zuverlässige Aktualisierung der Prospekte sicherstellen.,high,substantive
rewe,Ein Google-Nutzer,1,,Die App ist der letzte Mist. Die Angebote sind veraltet oder stimmen mit den Marktangeboten nicht überein. Installiert sie bloß nicht. Man ärgert sich nur.,2015-03-30T17:22:36,True,Coupons & discounts,negative,Angebote in der App sind veraltet und stimmen nicht mit dem Markt überein.,Angebote mit den tatsächlichen Marktangeboten synchronisieren.,high,substantive
rewe,Ein Google-Nutzer,1,,Sämtliche Angebote sind seit Wochen nicht mehr abrufbar. Nur Fehlermeldung. Samsung s4 Mini,2015-03-25T14:50:54,True,Coupons & discounts,negative,"Angebote werden seit Wochen nicht abgerufen, nur Fehlermeldung erscheint.",,high,substantive
rewe,Ein Google-Nutzer,2,,Seit Wochen keine Aktuelle Werbung.,2015-03-24T17:32:14,True,Coupons & discounts,negative,Werbung/Angebote werden seit Wochen nicht aktualisiert.,,high,insufficient
rewe,Ein Google-Nutzer,4,,Leider werden seit Wochen die Angebote nicht mehr aktualisiert. Schade,2015-03-19T22:56:09,True,Coupons & discounts,negative,Angebote werden seit Wochen nicht aktualisiert.,,medium,substantive
rewe,Ein Google-Nutzer,1,,Nächster Markt angeblich 75 km entfernt (richtig: 10 km). Keine Online Bestellung. Sinnlose App.,2015-03-19T21:56:06,True,Store finder & maps,negative,Falsche Entfernungsangabe zum nächsten Markt und keine Online-Bestellung möglich.,Online-Bestellfunktion in der App ergänzen.,high,substantive
rewe,Ein Google-Nutzer,1,,"Also ich habe mir die app geladen um mir schnell einen Überblick über die aktuellen Angebote zu machen - leider werden mir seit einem Monat die gleichen Angebote angezeigt... Selbst nach Deinstallation und Neuinstallation... Fazit: nicht zu gebrauchen. Sehr schade, bin immer gern bei rewe einkaufen gewesen",2015-03-16T23:26:25,True,Coupons & discounts,negative,"Angebote werden seit einem Monat nicht aktualisiert, auch nach Neuinstallation nicht.",,high,substantive
rewe,Ein Google-Nutzer,3,,Warum gibt es keine Anbindung an Rewe-Online? So das man die Einkaufsliste gleich bestellen kann?,2015-03-16T19:22:08,True,Online shop & ordering integration,neutral,Keine Anbindung an REWE-Online zum direkten Bestellen der Einkaufsliste.,"Anbindung an REWE-Online, um Einkaufsliste bestellen zu können.",medium,substantive
rewe,Ein Google-Nutzer,5,,Cool,2015-03-16T15:48:06,True,Other / unclear,positive,,,low,insufficient
rewe,Ein Google-Nutzer,2,,Hatte ich doch geglaubt das ich über die App den Lieferservice buchen kann. Fehlanzeige. Bei der Marktsuche findet er keinen Markt in meinem PLZ-Bereich. Das stimmt auch. Aber mir wird auch nicht angezeigt wo sich der nächste Markt (ggf. mit anderer PLZ) befindet.,2015-03-15T00:40:21,True,Store finder & maps,negative,Marktsuche zeigt keinen nächstgelegenen Markt außerhalb der eigenen PLZ an.,Lieferservice-Buchung und Anzeige des nächstgelegenen Marktes integrieren.,medium,substantive
rewe,Ein Google-Nutzer,2,,"Beim Rezepte anschauen, kann ich höchstens drei-vier Rezepte anschauen, dann stürzt die App ab. Die Rezepte sind nicht sortiert, sodass ich noch nicht mal die Chance hab dort weiter zu machen, wo sie abgestürzt ist. Lange nicht mehr eine so unausgereifte App gehabt.",2015-03-14T09:47:35,True,Performance & stability,negative,App stürzt nach wenigen Rezepten ab und Rezepte sind unsortiert.,Rezepte sortieren und Absturzursache beheben.,high,substantive
rewe,Ein Google-Nutzer,2,,Warum braucht die App Zugriff auf Kamera und Mikrofon?,2015-03-12T13:36:10,True,Privacy & data concerns,negative,Unverständlich warum die App Zugriff auf Kamera und Mikrofon benötigt.,,medium,substantive
rewe,Ein Google-Nutzer,1,,Immer wieder ist es so das noch die Werbung von der Vorwoche drin ist so kann man schlecht wissen was im Angebot ist,2015-03-09T22:05:06,True,Coupons & discounts,negative,Es wird oft noch die Werbung der Vorwoche angezeigt statt aktueller Angebote.,,medium,substantive
rewe,Ein Google-Nutzer,5,,Würde auch noch mehr Sternchen geben wenn es sie gäbe es ist nur schade das bei den Rezepten keine für Schonkost dabei sind. Kann man sich ich auch Einkäufe nach Hause bringen lassen?  ;),2015-03-08T08:00:58,True,Recipes & content,positive,Keine Rezepte für Schonkost vorhanden.,Rezepte für Schonkost und Lieferservice nach Hause hinzufügen.,low,substantive
rewe,Ein Google-Nutzer,2,,"Ich hab die Aldi, Netto, Lidl, Tchibo etc Apps, aber die Rewe App ist bei weitem die schlechteste. Hängt meist u ist viel zu langsam u zu unübersichtlich. Motto: Warum einfach, wenn es auch kompliziert geht.",2015-02-24T09:49:13,True,Performance & stability,negative,"App hängt, ist langsam und unübersichtlich im Vergleich zu Konkurrenz-Apps.",,high,substantive
rewe,Ein Google-Nutzer,1,,Lel,2015-02-21T17:37:04,False,Other / unclear,negative,,,low,insufficient
rewe,Ein Google-Nutzer,1,,Alle Rewe-Märkte vor Ort fehlen in der App. Ergo unbrauchbar.,2015-02-19T14:28:10,True,Store finder & maps,negative,Lokale REWE-Märkte fehlen komplett in der App.,,high,substantive
rewe,Ein Google-Nutzer,5,,Super,2015-02-17T19:37:19,True,Other / unclear,positive,,,low,insufficient
rewe,Ein Google-Nutzer,1,,Leider kann man nicht online bestellen!,2015-02-16T02:12:04,True,Payment & checkout,negative,Online-Bestellung ist nicht möglich.,Online-Bestellfunktion einführen.,high,substantive
rewe,Ein Google-Nutzer,5,,"Wie ein süßes Knallbonbon ist die REWE-App. Angebote, Bedienung und Design sind einfach nur gelungen, daher lässt sie sich durchaus mit dem realen Angebot der REWE-Märkte vergleichen. Verbindungsprobleme werden durch Erhöhung der Serverkapazitäten schnell behoben sein.",2015-02-14T07:18:38,True,Performance & stability,positive,Gelegentliche Verbindungsprobleme.,,low,substantive
rewe,Ein Google-Nutzer,1,,Ich komme momentan mit dieser App ganz gut klar.Ich habe die App aber noch nicht so lange deshalb erst nur ein Stern.Was mir positiv aufgefallen ist ist das die App sehr übersichtlich gestaltet ist.,2015-02-10T14:23:51,True,"Other app features (themes, accessibility, customization)",positive,,,low,insufficient
rewe,Ein Google-Nutzer,1,,"Es gibt nur die Angebote aber nicht das gesamte Sortiment. Ausserdem gibt es keine Suchfunktion und somit muss man durch die ganzen Angebote scrollen. Und ist der Artikel nicht im Angebot kann man ihn nicht kaufen. z.b Butter, Brot etc.",2015-02-08T10:54:48,True,Search & navigation,negative,Keine Suchfunktion und nur Angebote statt gesamtes Sortiment verfügbar.,Suchfunktion und vollständiges Sortiment in der App anbieten.,high,substantive
rewe,Ein Google-Nutzer,5,,Klasse,2015-02-07T10:52:08,True,Other / unclear,positive,,,low,insufficient
rewe,Ein Google-Nutzer,1,,Bei 10 versuchen wird das AngebotsProspekt nur einmal geladen . Wie kann man nur so eine müll App veröffentlichen  ?!,2015-02-06T21:09:17,True,Performance & stability,negative,Angebotsprospekt lädt nur sporadisch und ist meist nicht abrufbar.,,high,substantive
rewe,Ein Google-Nutzer,3,,"Kein Bereich für die Mitarbeiter. Z.b. Ersatz für die Personalkarte oder für eine rewe Karte (strich-code). Wenn ihr auch an uns denkt, gibt es 5 Sterne",2015-02-05T04:09:47,True,Loyalty program mechanics,neutral,"Kein Bereich für Mitarbeiter, z.B. digitale Personal- oder REWE-Karte mit Strichcode.",Mitarbeiterbereich mit digitaler Personalkarte/REWE-Karte als Strichcode einführen.,medium,substantive
rewe,Ein Google-Nutzer,3,,Gib es von REWE kein app bei dem man bestellen kann??,2015-02-03T18:20:16,True,Online shop & ordering integration,neutral,Vermisst eine Bestellfunktion in der App.,Bestellfunktion in der App ermöglichen.,medium,substantive
rewe,Ein Google-Nutzer,4,,Besser,2015-01-27T14:43:24,True,Other / unclear,positive,,,low,insufficient
rewe,Ein Google-Nutzer,5,,Sehr gutes Angebot,2015-01-26T09:20:09,True,Coupons & discounts,positive,,,low,insufficient
rewe,Ein Google-Nutzer,5,,Die app hat so viel zu bieten.  Bin einfach nur begeistert,2015-01-19T17:40:49,True,Other / unclear,positive,,,low,insufficient
rewe,Ein Google-Nutzer,1,,Leider  kann man  nicht  mit der  App  nicht  bestellen! Hätte  man  sich  sparen  können  die  App! Und  kann  auch  nicht  sein Account  verwalten!,2015-01-18T13:09:07,True,Online shop & ordering integration,negative,Bestellen und Account-Verwaltung über die App nicht möglich.,Bestellfunktion und Account-Verwaltung integrieren.,high,substantive
rewe,Ein Google-Nutzer,1,,"schade,und ihr bekommt so viele Daten..",2015-01-18T08:14:48,True,Privacy & data concerns,negative,App sammelt zu viele persönliche Daten.,,medium,insufficient
rewe,Ein Google-Nutzer,3,,Kann man die Funktion des Einkauf bestellen wie auf der Webseite nicht auch hier einbauen? Das Waere wirklich toll!!!,2015-01-15T12:53:40,True,Online shop & ordering integration,neutral,,Bestellfunktion wie auf der Webseite in die App integrieren.,medium,substantive
rewe,Ein Google-Nutzer,5,,Die app ist sehr praktisch und gut ist halt REWE besser leben i love REWE,2015-01-14T19:58:19,True,Other / unclear,positive,,,low,insufficient
rewe,Ein Google-Nutzer,3,,Schön wäre eine Suchfunktion wo man Produkte suchen kann selbst die Suchfunktion im Internet ist um einiges verbesserungswürdig z. B. Ich gebe Ravioli ein und bekomme tortellini 2 wenn ich dann dosenravioli eingebe bekomme ich Dosenöffner und wenn ich dann weiter runter gehe kommen entweder Ravioli von Marken die ich nicht will oder gar keine. Es gibt noch mehr so Fehler. Dann werden bei einigen Produkten kein Preis angezeigt. Des Weiteren würde es gut kommen wenn man den lieferservice mit Einführt. Usw.,2015-01-13T23:09:25,True,Search & navigation,negative,Suchfunktion liefert falsche Treffer und manche Produkte zeigen keinen Preis.,"Bessere Produktsuche, Preisanzeige für alle Produkte sowie Lieferservice einführen.",medium,substantive
rewe,Ein Google-Nutzer,5,,Funktioniert bei mir perfekt denn es ist mir eine Perfekte Hilfe viele Grüße an das Rewe Team,2015-01-13T19:01:32,True,Other / unclear,positive,,,low,insufficient
rewe,Ein Google-Nutzer,2,,Deshalb habe ich die App deinstalliert,2015-01-13T17:57:59,True,Other / unclear,negative,"Nutzer hat App deinstalliert, ohne Grund zu nennen.",,low,insufficient
rewe,Ein Google-Nutzer,3,,"Wäre schön, wenn man über die App auch den Lieferservice nutzen könnte. Ist das schon in Planung? :-)",2015-01-11T23:43:11,True,Online shop & ordering integration,neutral,,Lieferservice über die App nutzbar machen.,medium,substantive
rewe,Ein Google-Nutzer,2,,ohne den Lieferservice ist diese App ziemlich wertlos...,2015-01-10T08:38:55,True,Online shop & ordering integration,negative,Ohne Lieferservice ist die App aus Sicht des Nutzers wertlos.,Lieferservice in die App integrieren.,medium,substantive
rewe,Ein Google-Nutzer,5,,Funkzunirt gut und ich weiss immer was im Angebot is und ich wohne direkt am rewe,2015-01-03T15:27:31,True,Coupons & discounts,positive,,,low,insufficient
rewe,Ein Google-Nutzer,1,,Ich bekomme keine aktuellen Angebote mehr angezeigt. Ich guck mir wieder das Papier Prospekt an. Hier wird deinstalliert.,2015-01-03T08:54:45,True,Coupons & discounts,negative,Aktuelle Angebote werden nicht mehr angezeigt.,,high,substantive
rewe,Ein Google-Nutzer,4,,Leider nicht alle Rewe Märkte angegeben,2015-01-02T09:26:57,True,Store finder & maps,neutral,Nicht alle REWE-Märkte sind in der App hinterlegt.,Vollständige Liste aller REWE-Märkte in der App anzeigen.,medium,substantive
rewe,Ein Google-Nutzer,3,,Es wäre schöner wenn ein Barcode Scanner dabei wäre.,2014-12-31T16:32:23,True,Search & navigation,neutral,,Barcode-Scanner in die App integrieren.,low,substantive
rewe,Ein Google-Nutzer,1,,Immer Probleme mit laden der Seiten,2014-12-26T21:03:16,True,Performance & stability,negative,Seiten werden nicht richtig geladen.,,high,substantive
rewe,Ein Google-Nutzer,5,,Rewe app gut okay aber märkte von rewe soll babynahrung immer voll machen z.B a 1 2 3 und p :)) kndmlk,2014-12-22T22:37:33,False,In-store experience,positive,,Babynahrung in Märkten besser auffüllen.,low,insufficient
rewe,Ein Google-Nutzer,2,,Angebote werden seit einiger Zeit nicht mehr geladen,2014-12-22T13:03:54,True,Coupons & discounts,negative,Angebote werden seit einiger Zeit nicht mehr geladen.,,high,substantive
rewe,Ein Google-Nutzer,1,,Irgendwie finde ich keinen Weg mich anzumelden und auch die einkaufsliste von rewe online erscheint nicht. Was kann ich mit der app machen - online bestellen wohl nicht?,2014-12-22T09:02:05,True,Authentication & login,negative,Nutzer findet keinen Weg sich anzumelden und Einkaufsliste erscheint nicht.,Online-Bestellung und Einkaufsliste integrieren.,high,substantive
rewe,Ein Google-Nutzer,5,,"Supi , rewe ist sowieso mein laden .",2014-12-11T17:51:03,True,Other / unclear,positive,,,low,insufficient
rewe,Ein Google-Nutzer,2,,"... der so genannte Marktfinder findet zwar die Fillialen, übernimmt sie jedoch nicht in die Angebotsliste! Außerdem geht Übersichtlichkeit anders ... andere Discounter können das besser!",2014-12-09T08:13:42,True,Store finder & maps,negative,Marktfinder übernimmt gefundene Filiale nicht in die Angebotsliste.,Bessere Übersichtlichkeit und automatische Marktübernahme.,medium,substantive
rewe,Ein Google-Nutzer,1,,Ein Graus diese App. Versuche vergeblich seit 2 Tagen online zu bestellen.  Weder per Internet noch App funktioniert es. Immer wieder legt sich dieses Bild der Marktsuche drüber.  Dann springt es wieder bis zum Anfang. Echt zum ausflippen.  Wird sofort gelöscht die App.,2014-12-07T08:36:42,True,Payment & checkout,negative,"Online-Bestellung funktioniert nicht, Marktsuche-Overlay blockiert den Vorgang.",,high,substantive
rewe,Ein Google-Nutzer,2,,Habe die App seit gestern Abend. Sie ist so schön aufgebaut. Doch leider geht der Barcodscanner nicht.Ich kaufe AUSSCHLISLICH bei REW ein.Der Scanner erkennt die  eigenen Prudukte nicht (Hausmarken). Auch bei den anderen i's nich! Schade.,2014-12-03T20:15:43,True,Search & navigation,negative,"Barcodescanner erkennt keine Produkte, auch keine Eigenmarken.",Funktionierender Barcodescanner für alle Produkte.,medium,substantive
rewe,Ein Google-Nutzer,1,,"Kann jetzt keinen besonderen Sinn dieser App  feststellen.Wo zu der quatsch ""Ramba Zamba""? Eine Kombination mit dem REWE Shop/Lieferdienst wäre gut. Aber so ist es eine Angebot app wie jede andere auch.",2014-11-28T17:32:56,True,Online shop & ordering integration,negative,Nutzer sieht keinen Mehrwert der App und vermisst Integration mit REWE Shop/Lieferdienst.,Integration der App mit dem REWE Shop bzw. Lieferdienst.,medium,substantive
rewe,Ein Google-Nutzer,1,,Ich finde diese app nicht so gut weil ich nicht suchen kann was ich haben will und wie viel es kostet!!!!!!!!!!!!!!!,2014-11-23T18:43:48,True,Search & navigation,negative,Produktsuche mit Preisanzeige fehlt.,Suchfunktion mit Preisanzeige hinzufügen.,medium,substantive
rewe,Ein Google-Nutzer,5,,Super,2014-11-22T17:56:21,True,Other / unclear,positive,,,low,insufficient
rewe,Ein Google-Nutzer,1,,"Angebote werden als verfügbar für noch zwei Tage dargestellt, sind aber im ausgewählten Markt bereits seit Tagen ausverkauft.  Also: Unbrauchbar wegen fehlender Aktualisierung. Weil kein Stern nicht geht, vergebe ich einen Stern.",2014-11-21T21:23:07,True,Coupons & discounts,negative,"Angebote werden als verfügbar angezeigt, sind aber im Markt seit Tagen ausverkauft.",Aktualisierung der Angebotsverfügbarkeit pro Markt.,medium,substantive
rewe,Ein Google-Nutzer,5,,Alles Lebensmittel & Trinken,2014-11-21T18:16:36,False,Other / unclear,neutral,,,low,insufficient
rewe,Ein Google-Nutzer,5,,Guter Laden gute App,2014-11-20T17:11:05,True,Other / unclear,positive,,,low,insufficient
rewe,Ein Google-Nutzer,2,,Seit diesem Wochenende mal wieder keine Aktualisierung erfolgt. Schade.,2014-11-17T16:59:31,True,Coupons & discounts,negative,Angebote werden seit dem Wochenende nicht aktualisiert.,,medium,insufficient
rewe,Ein Google-Nutzer,3,,Schön wäre aber wenn die app den Preis im Einkaufswagen zusammen rechnet.,2014-11-15T16:15:08,True,Search & navigation,neutral,Preise im Einkaufswagen werden nicht summiert.,Automatische Preissumme im Einkaufswagen.,low,substantive
rewe,Ein Google-Nutzer,4,,Mir fehlt noch die Bestellfunktion für REWE Online,2014-11-10T06:15:01,True,Payment & checkout,neutral,Bestellfunktion für REWE Online fehlt.,Bestellfunktion für REWE Online integrieren.,medium,substantive
rewe,Ein Google-Nutzer,1,,"Rezepte und Angebote sind ja ganz gut. Nur der Barcodescanner funktioniert leider nicht mehr, um genau zu sein hat er nur einmal funktioniert. Das war der Grund warum ich die App runter geladen habe. Jetzt schreibe ich die Einkaufsliste halt wieder auf Papier. Schade.",2014-11-08T22:34:09,True,Search & navigation,negative,"Barcodescanner funktioniert nicht mehr, nur einmal funktionierte er.",Zuverlässig funktionierender Barcodescanner.,medium,substantive
rewe,Ein Google-Nutzer,1,,Übelste Bedienung!,2014-11-06T21:05:16,True,Search & navigation,negative,Bedienung der App ist sehr schlecht.,,medium,insufficient
rewe,Ein Google-Nutzer,2,,"unübersichtlich und schwerfällig in der Navigation. Besonders schlimm ist aber, dass für meinen nächstgelegenen Markt ""keine Informationen"" angezeigt werden. Der zweite Stern ist für die problemlose Deinstallation",2014-11-03T19:42:56,True,Store finder & maps,negative,Für den nächstgelegenen Markt werden keine Informationen angezeigt.,Marktinformationen für alle Filialen bereitstellen.,medium,substantive
rewe,Ein Google-Nutzer,2,,"Die Angebote laden nicht, und die App wird einfach  angehalten.",2014-11-02T18:43:21,True,Performance & stability,negative,Angebote laden nicht und die App hängt sich auf.,,high,substantive
rewe,Ein Google-Nutzer,5,,Ich wollte nur einen pc von der Apple sehen dann kauf ich mir einen bei REWE,2014-10-29T18:12:39,False,Other / unclear,neutral,,,low,insufficient
rewe,Ein Google-Nutzer,2,,"keine Preise, aber dümmliche Gewinnspiele als ersten Menüpunkt. Kann man sich sparen.",2014-10-29T13:35:51,True,Coupons & discounts,negative,"Keine Preise sichtbar, stattdessen Gewinnspiele prominent platziert.",Preise anzeigen statt Gewinnspiele im Hauptmenü.,medium,substantive
rewe,Ein Google-Nutzer,1,,"Obwohl in den vorherigen Bewertungen steht, dass alle Probleme beseitigt sind werden bei mir nur 5 Angebote angezeigt.  Bei klicken auf alle Angebote anzeigen kommt immer eine Fehlermeldung. Nicht zu empfehlen, da die App die gewünschten Angebote nicht anzeigen kann",2014-10-18T10:37:18,True,Coupons & discounts,negative,"Nur 5 Angebote sichtbar, beim Anzeigen aller Angebote erscheint Fehlermeldung.",,high,substantive
rewe,Ein Google-Nutzer,1,,"Zwischendurch ging es mal, heute habe ich es jetzt zweimal versucht und es geht nicht... Keine Ahnung, was das soll, das ist doch Sinn und Zweck der App, da sollte man sich schon drum kümmern.",2014-10-13T20:53:26,True,Performance & stability,negative,"App funktioniert nicht zuverlässig, Kernfunktion lädt nicht.",,high,insufficient
rewe,Ein Google-Nutzer,2,,"Leider sehr lange Ladezeit um ""Alle Angebote"" zu sehen.",2014-10-10T01:46:27,True,Performance & stability,negative,Sehr lange Ladezeit beim Anzeigen aller Angebote.,,medium,substantive
rewe,Ein Google-Nutzer,3,,"App ist gut, aber mein Rewe in Hambrücken fehlt.",2014-10-07T06:32:41,True,Store finder & maps,neutral,Rewe-Markt in Hambrücken fehlt in der App.,Rewe-Markt Hambrücken in die App aufnehmen.,medium,substantive
rewe,Ein Google-Nutzer,1,,Das laden der Angebote funktioniert nach drei Wochen schon nicht mehr - die eigentliche funktion der App. Gerät: LG G3,2014-10-05T09:57:33,True,Coupons & discounts,negative,Laden der Angebote funktioniert auf LG G3 nicht mehr.,,high,substantive
rewe,Ein Google-Nutzer,5,,Sehr ausführlich.,2014-10-01T17:06:09,True,Other / unclear,positive,,,low,insufficient
rewe,Ein Google-Nutzer,1,,Nix zu gebraucheb,2014-09-27T23:53:01,True,Other / unclear,negative,"Nutzer findet die App unbrauchbar, ohne Begründung.",,low,insufficient
rewe,Ein Google-Nutzer,4,,Alles in Allem eine gute App,2014-09-26T17:04:21,True,Other / unclear,positive,,,low,insufficient
rewe,Ein Google-Nutzer,5,,"Die App folgt im Gegensatz zu anderen Apps hier nicht den iOS Designrichtlinien sondern denen von Android. Und das macht die App super intuitiv bedienbar.   Die Angebotsversurgung ist inzwischen ja wieder relativ zuverlässig.   Als Kunde schätze ich auch die Einkaufslisten Funktion und die Funktion, dass man einfach zuhause Artikel scannen kann und zur Einkaufsliste hinzufügen kann. Logisch das ist nur was für Artikel die man immer Zuhause hat und haben muss.",2014-09-25T22:50:59,True,Shopping list features,positive,,,low,substantive
rewe,Ein Google-Nutzer,3,,Kann man gebrauchen am meisten wenn es auf Silvester los geht kann man schon gucken was es schon alles gibt in Ordnung,2014-09-24T18:49:04,True,Coupons & discounts,neutral,,,low,insufficient
rewe,Ein Google-Nutzer,5,,Alles Perfekt,2014-09-24T16:34:50,True,Other / unclear,positive,,,low,insufficient
rewe,Ein Google-Nutzer,1,,blöd ich wollte Sachen ein scannen für die Einkaufsliste und jedes Mal kamm Artikel unbekannt ich habe es oft probiert immer das selbe finde ich sehr schade,2014-09-23T01:00:26,True,Search & navigation,negative,Scannen von Artikeln für Einkaufsliste liefert immer 'Artikel unbekannt'.,Artikel-Datenbank für Barcode-Scanner verbessern.,high,substantive
rewe,Ein Google-Nutzer,1,,Angebote können nicht geladen werden auch nach Deinstallation und erneutem Download,2014-09-21T19:54:55,True,Coupons & discounts,negative,Angebote lassen sich auch nach Neuinstallation nicht laden.,,high,substantive
rewe,Ein Google-Nutzer,5,,Alü,2014-09-20T15:09:46,False,Other / unclear,neutral,,,low,insufficient
rewe,Ein Google-Nutzer,1,,Viel zu kompliziert im Vergleich mit den Apps anderer Anbieter aus dem LEH.,2014-09-08T00:09:34,True,Search & navigation,negative,App sei im Vergleich zu anderen LEH-Apps zu kompliziert.,Bedienung vereinfachen.,medium,insufficient
rewe,Ein Google-Nutzer,2,,finde ich denn die Login-Funktion?,2014-08-23T13:49:22,True,Authentication & login,negative,Login-Funktion ist nicht auffindbar.,Login-Funktion deutlich sichtbar platzieren.,medium,insufficient
rewe,Ein Google-Nutzer,2,,Dafür das REWE so streng mit Thema Datenschutz ist braucht die App interessante Rechte. Wozu muss man meine Fotos auslesen?,2014-08-20T12:25:58,True,Privacy & data concerns,negative,App verlangt unnötige Berechtigungen wie Foto-Zugriff trotz strengem Datenschutz.,Unnötige App-Berechtigungen entfernen.,medium,substantive
